ISO-10303-21;
HEADER;
/* Generated by software containing ST-Developer
 * from STEP Tools, Inc. (www.steptools.com) 
 */

FILE_DESCRIPTION(
/* description */ (''),
/* implementation_level */ '2;1');

FILE_NAME(
/* name */ 'Body#2.step',
/* time_stamp */ '2026-09-18T23:04:01+08:00',
/* author */ (''),
/* organization */ (''),
/* preprocessor_version */ 'ST-DEVELOPER v20.1',
/* originating_system */ 'Autodesk Translation Framework v15.8.0.0',
/* authorisation */ '');

FILE_SCHEMA (('AUTOMOTIVE_DESIGN { 1 0 10303 214 3 1 1 }'));
ENDSEC;

DATA;
#10=MECHANICAL_DESIGN_GEOMETRIC_PRESENTATION_REPRESENTATION('',(#13),#2259);
#11=SHAPE_REPRESENTATION_RELATIONSHIP('SRR','None',#2266,#12);
#12=ADVANCED_BREP_SHAPE_REPRESENTATION('',(#14),#2258);
#13=STYLED_ITEM('',(#2276),#14);
#14=MANIFOLD_SOLID_BREP('Body1',#1259);
#15=FACE_BOUND('',#434,.T.);
#16=FACE_BOUND('',#443,.T.);
#17=FACE_BOUND('',#446,.T.);
#18=FACE_BOUND('',#449,.T.);
#19=FACE_BOUND('',#452,.T.);
#20=FACE_BOUND('',#458,.T.);
#21=FACE_BOUND('',#459,.T.);
#22=FACE_BOUND('',#460,.T.);
#23=FACE_BOUND('',#461,.T.);
#24=FACE_BOUND('',#462,.T.);
#25=FACE_BOUND('',#463,.T.);
#26=FACE_BOUND('',#482,.T.);
#27=FACE_BOUND('',#483,.T.);
#28=FACE_BOUND('',#484,.T.);
#29=FACE_BOUND('',#485,.T.);
#30=FACE_BOUND('',#486,.T.);
#31=FACE_BOUND('',#488,.T.);
#32=FACE_BOUND('',#489,.T.);
#33=FACE_BOUND('',#490,.T.);
#34=FACE_BOUND('',#491,.T.);
#35=FACE_BOUND('',#492,.T.);
#36=FACE_BOUND('',#503,.T.);
#37=FACE_BOUND('',#506,.T.);
#38=FACE_BOUND('',#509,.T.);
#39=FACE_BOUND('',#512,.T.);
#40=FACE_BOUND('',#514,.T.);
#41=FACE_BOUND('',#517,.T.);
#42=FACE_BOUND('',#522,.T.);
#43=PLANE('',#1289);
#44=PLANE('',#1292);
#45=PLANE('',#1295);
#46=PLANE('',#1311);
#47=PLANE('',#1315);
#48=PLANE('',#1319);
#49=PLANE('',#1323);
#50=PLANE('',#1324);
#51=PLANE('',#1325);
#52=PLANE('',#1326);
#53=PLANE('',#1327);
#54=PLANE('',#1328);
#55=PLANE('',#1335);
#56=PLANE('',#1338);
#57=PLANE('',#1339);
#58=PLANE('',#1340);
#59=PLANE('',#1341);
#60=PLANE('',#1342);
#61=PLANE('',#1343);
#62=PLANE('',#1344);
#63=PLANE('',#1345);
#64=PLANE('',#1346);
#65=PLANE('',#1347);
#66=PLANE('',#1348);
#67=PLANE('',#1349);
#68=PLANE('',#1350);
#69=PLANE('',#1351);
#70=PLANE('',#1352);
#71=PLANE('',#1353);
#72=PLANE('',#1357);
#73=PLANE('',#1361);
#74=PLANE('',#1365);
#75=PLANE('',#1369);
#76=PLANE('',#1372);
#77=PLANE('',#1375);
#78=PLANE('',#1378);
#79=PLANE('',#1381);
#80=PLANE('',#1382);
#81=PLANE('',#1383);
#82=PLANE('',#1384);
#83=PLANE('',#1385);
#84=PLANE('',#1386);
#85=PLANE('',#1387);
#86=PLANE('',#1388);
#87=LINE('',#1937,#207);
#88=LINE('',#1938,#208);
#89=LINE('',#1940,#209);
#90=LINE('',#1941,#210);
#91=LINE('',#1943,#211);
#92=LINE('',#1944,#212);
#93=LINE('',#1946,#213);
#94=LINE('',#1947,#214);
#95=LINE('',#1950,#215);
#96=LINE('',#1952,#216);
#97=LINE('',#1953,#217);
#98=LINE('',#1956,#218);
#99=LINE('',#1960,#219);
#100=LINE('',#1961,#220);
#101=LINE('',#1964,#221);
#102=LINE('',#1966,#222);
#103=LINE('',#1968,#223);
#104=LINE('',#1969,#224);
#105=LINE('',#1972,#225);
#106=LINE('',#1979,#226);
#107=LINE('',#1985,#227);
#108=LINE('',#1991,#228);
#109=LINE('',#1997,#229);
#110=LINE('',#2003,#230);
#111=LINE('',#2010,#231);
#112=LINE('',#2017,#232);
#113=LINE('',#2024,#233);
#114=LINE('',#2030,#234);
#115=LINE('',#2032,#235);
#116=LINE('',#2034,#236);
#117=LINE('',#2035,#237);
#118=LINE('',#2038,#238);
#119=LINE('',#2040,#239);
#120=LINE('',#2041,#240);
#121=LINE('',#2044,#241);
#122=LINE('',#2046,#242);
#123=LINE('',#2047,#243);
#124=LINE('',#2049,#244);
#125=LINE('',#2050,#245);
#126=LINE('',#2053,#246);
#127=LINE('',#2057,#247);
#128=LINE('',#2061,#248);
#129=LINE('',#2063,#249);
#130=LINE('',#2065,#250);
#131=LINE('',#2066,#251);
#132=LINE('',#2069,#252);
#133=LINE('',#2071,#253);
#134=LINE('',#2073,#254);
#135=LINE('',#2074,#255);
#136=LINE('',#2084,#256);
#137=LINE('',#2086,#257);
#138=LINE('',#2088,#258);
#139=LINE('',#2092,#259);
#140=LINE('',#2094,#260);
#141=LINE('',#2096,#261);
#142=LINE('',#2097,#262);
#143=LINE('',#2101,#263);
#144=LINE('',#2102,#264);
#145=LINE('',#2103,#265);
#146=LINE('',#2106,#266);
#147=LINE('',#2108,#267);
#148=LINE('',#2109,#268);
#149=LINE('',#2112,#269);
#150=LINE('',#2113,#270);
#151=LINE('',#2116,#271);
#152=LINE('',#2118,#272);
#153=LINE('',#2119,#273);
#154=LINE('',#2121,#274);
#155=LINE('',#2122,#275);
#156=LINE('',#2125,#276);
#157=LINE('',#2126,#277);
#158=LINE('',#2128,#278);
#159=LINE('',#2132,#279);
#160=LINE('',#2134,#280);
#161=LINE('',#2136,#281);
#162=LINE('',#2137,#282);
#163=LINE('',#2140,#283);
#164=LINE('',#2142,#284);
#165=LINE('',#2143,#285);
#166=LINE('',#2146,#286);
#167=LINE('',#2148,#287);
#168=LINE('',#2149,#288);
#169=LINE('',#2153,#289);
#170=LINE('',#2155,#290);
#171=LINE('',#2157,#291);
#172=LINE('',#2158,#292);
#173=LINE('',#2161,#293);
#174=LINE('',#2163,#294);
#175=LINE('',#2164,#295);
#176=LINE('',#2167,#296);
#177=LINE('',#2169,#297);
#178=LINE('',#2170,#298);
#179=LINE('',#2173,#299);
#180=LINE('',#2175,#300);
#181=LINE('',#2176,#301);
#182=LINE('',#2177,#302);
#183=LINE('',#2178,#303);
#184=LINE('',#2180,#304);
#185=LINE('',#2181,#305);
#186=LINE('',#2183,#306);
#187=LINE('',#2185,#307);
#188=LINE('',#2186,#308);
#189=LINE('',#2191,#309);
#190=LINE('',#2198,#310);
#191=LINE('',#2205,#311);
#192=LINE('',#2212,#312);
#193=LINE('',#2217,#313);
#194=LINE('',#2222,#314);
#195=LINE('',#2227,#315);
#196=LINE('',#2232,#316);
#197=LINE('',#2237,#317);
#198=LINE('',#2238,#318);
#199=LINE('',#2240,#319);
#200=LINE('',#2241,#320);
#201=LINE('',#2244,#321);
#202=LINE('',#2245,#322);
#203=LINE('',#2247,#323);
#204=LINE('',#2249,#324);
#205=LINE('',#2250,#325);
#206=LINE('',#2253,#326);
#207=VECTOR('',#1417,10.);
#208=VECTOR('',#1418,10.);
#209=VECTOR('',#1421,10.);
#210=VECTOR('',#1422,10.);
#211=VECTOR('',#1425,10.);
#212=VECTOR('',#1426,10.);
#213=VECTOR('',#1429,10.);
#214=VECTOR('',#1430,10.);
#215=VECTOR('',#1433,10.);
#216=VECTOR('',#1434,10.);
#217=VECTOR('',#1435,10.);
#218=VECTOR('',#1438,10.);
#219=VECTOR('',#1443,10.);
#220=VECTOR('',#1444,10.);
#221=VECTOR('',#1445,10.);
#222=VECTOR('',#1446,10.);
#223=VECTOR('',#1447,10.);
#224=VECTOR('',#1448,10.);
#225=VECTOR('',#1451,10.);
#226=VECTOR('',#1460,1.6);
#227=VECTOR('',#1467,1.6);
#228=VECTOR('',#1474,1.6);
#229=VECTOR('',#1481,1.6);
#230=VECTOR('',#1488,2.75);
#231=VECTOR('',#1497,2.75);
#232=VECTOR('',#1506,2.75);
#233=VECTOR('',#1515,2.75);
#234=VECTOR('',#1522,10.);
#235=VECTOR('',#1523,10.);
#236=VECTOR('',#1524,10.);
#237=VECTOR('',#1525,10.);
#238=VECTOR('',#1528,10.);
#239=VECTOR('',#1529,10.);
#240=VECTOR('',#1530,10.);
#241=VECTOR('',#1533,10.);
#242=VECTOR('',#1534,10.);
#243=VECTOR('',#1535,10.);
#244=VECTOR('',#1538,10.);
#245=VECTOR('',#1539,10.);
#246=VECTOR('',#1542,10.);
#247=VECTOR('',#1545,10.);
#248=VECTOR('',#1548,10.);
#249=VECTOR('',#1549,10.);
#250=VECTOR('',#1550,10.);
#251=VECTOR('',#1551,10.);
#252=VECTOR('',#1552,10.);
#253=VECTOR('',#1553,10.);
#254=VECTOR('',#1554,10.);
#255=VECTOR('',#1555,10.);
#256=VECTOR('',#1566,10.);
#257=VECTOR('',#1569,10.);
#258=VECTOR('',#1572,10.);
#259=VECTOR('',#1575,10.);
#260=VECTOR('',#1576,10.);
#261=VECTOR('',#1577,10.);
#262=VECTOR('',#1578,10.);
#263=VECTOR('',#1581,10.);
#264=VECTOR('',#1582,10.);
#265=VECTOR('',#1583,10.);
#266=VECTOR('',#1586,10.);
#267=VECTOR('',#1587,10.);
#268=VECTOR('',#1588,10.);
#269=VECTOR('',#1591,10.);
#270=VECTOR('',#1592,10.);
#271=VECTOR('',#1595,10.);
#272=VECTOR('',#1596,10.);
#273=VECTOR('',#1597,10.);
#274=VECTOR('',#1600,10.);
#275=VECTOR('',#1601,10.);
#276=VECTOR('',#1604,10.);
#277=VECTOR('',#1605,10.);
#278=VECTOR('',#1608,10.);
#279=VECTOR('',#1611,10.);
#280=VECTOR('',#1612,10.);
#281=VECTOR('',#1613,10.);
#282=VECTOR('',#1614,10.);
#283=VECTOR('',#1617,10.);
#284=VECTOR('',#1618,10.);
#285=VECTOR('',#1619,10.);
#286=VECTOR('',#1622,10.);
#287=VECTOR('',#1623,10.);
#288=VECTOR('',#1624,10.);
#289=VECTOR('',#1627,10.);
#290=VECTOR('',#1628,10.);
#291=VECTOR('',#1629,10.);
#292=VECTOR('',#1630,10.);
#293=VECTOR('',#1633,10.);
#294=VECTOR('',#1634,10.);
#295=VECTOR('',#1635,10.);
#296=VECTOR('',#1638,10.);
#297=VECTOR('',#1639,10.);
#298=VECTOR('',#1640,10.);
#299=VECTOR('',#1643,10.);
#300=VECTOR('',#1644,10.);
#301=VECTOR('',#1645,10.);
#302=VECTOR('',#1646,10.);
#303=VECTOR('',#1647,10.);
#304=VECTOR('',#1650,10.);
#305=VECTOR('',#1651,10.);
#306=VECTOR('',#1652,10.);
#307=VECTOR('',#1653,10.);
#308=VECTOR('',#1654,10.);
#309=VECTOR('',#1659,1.6);
#310=VECTOR('',#1668,1.6);
#311=VECTOR('',#1677,1.6);
#312=VECTOR('',#1686,1.6);
#313=VECTOR('',#1693,2.75);
#314=VECTOR('',#1700,2.75);
#315=VECTOR('',#1707,2.75);
#316=VECTOR('',#1714,2.75);
#317=VECTOR('',#1721,10.);
#318=VECTOR('',#1722,10.);
#319=VECTOR('',#1723,10.);
#320=VECTOR('',#1724,10.);
#321=VECTOR('',#1727,10.);
#322=VECTOR('',#1728,10.);
#323=VECTOR('',#1731,10.);
#324=VECTOR('',#1732,10.);
#325=VECTOR('',#1733,10.);
#326=VECTOR('',#1738,10.);
#327=CYLINDRICAL_SURFACE('',#1285,6.);
#328=CYLINDRICAL_SURFACE('',#1286,6.);
#329=CYLINDRICAL_SURFACE('',#1287,6.);
#330=CYLINDRICAL_SURFACE('',#1288,6.);
#331=CYLINDRICAL_SURFACE('',#1290,5.);
#332=CYLINDRICAL_SURFACE('',#1293,5.);
#333=CYLINDRICAL_SURFACE('',#1296,1.6);
#334=CYLINDRICAL_SURFACE('',#1299,1.6);
#335=CYLINDRICAL_SURFACE('',#1302,1.6);
#336=CYLINDRICAL_SURFACE('',#1305,1.6);
#337=CYLINDRICAL_SURFACE('',#1308,2.75);
#338=CYLINDRICAL_SURFACE('',#1312,2.75);
#339=CYLINDRICAL_SURFACE('',#1316,2.75);
#340=CYLINDRICAL_SURFACE('',#1320,2.75);
#341=CYLINDRICAL_SURFACE('',#1336,5.);
#342=CYLINDRICAL_SURFACE('',#1337,5.);
#343=CYLINDRICAL_SURFACE('',#1354,1.6);
#344=CYLINDRICAL_SURFACE('',#1358,1.6);
#345=CYLINDRICAL_SURFACE('',#1362,1.6);
#346=CYLINDRICAL_SURFACE('',#1366,1.6);
#347=CYLINDRICAL_SURFACE('',#1370,2.75);
#348=CYLINDRICAL_SURFACE('',#1373,2.75);
#349=CYLINDRICAL_SURFACE('',#1376,2.75);
#350=CYLINDRICAL_SURFACE('',#1379,2.75);
#351=FACE_OUTER_BOUND('',#423,.T.);
#352=FACE_OUTER_BOUND('',#424,.T.);
#353=FACE_OUTER_BOUND('',#425,.T.);
#354=FACE_OUTER_BOUND('',#426,.T.);
#355=FACE_OUTER_BOUND('',#427,.T.);
#356=FACE_OUTER_BOUND('',#428,.T.);
#357=FACE_OUTER_BOUND('',#429,.T.);
#358=FACE_OUTER_BOUND('',#430,.T.);
#359=FACE_OUTER_BOUND('',#431,.T.);
#360=FACE_OUTER_BOUND('',#432,.T.);
#361=FACE_OUTER_BOUND('',#433,.T.);
#362=FACE_OUTER_BOUND('',#435,.T.);
#363=FACE_OUTER_BOUND('',#436,.T.);
#364=FACE_OUTER_BOUND('',#437,.T.);
#365=FACE_OUTER_BOUND('',#438,.T.);
#366=FACE_OUTER_BOUND('',#439,.T.);
#367=FACE_OUTER_BOUND('',#440,.T.);
#368=FACE_OUTER_BOUND('',#441,.T.);
#369=FACE_OUTER_BOUND('',#442,.T.);
#370=FACE_OUTER_BOUND('',#444,.T.);
#371=FACE_OUTER_BOUND('',#445,.T.);
#372=FACE_OUTER_BOUND('',#447,.T.);
#373=FACE_OUTER_BOUND('',#448,.T.);
#374=FACE_OUTER_BOUND('',#450,.T.);
#375=FACE_OUTER_BOUND('',#451,.T.);
#376=FACE_OUTER_BOUND('',#453,.T.);
#377=FACE_OUTER_BOUND('',#454,.T.);
#378=FACE_OUTER_BOUND('',#455,.T.);
#379=FACE_OUTER_BOUND('',#456,.T.);
#380=FACE_OUTER_BOUND('',#457,.T.);
#381=FACE_OUTER_BOUND('',#464,.T.);
#382=FACE_OUTER_BOUND('',#465,.T.);
#383=FACE_OUTER_BOUND('',#466,.T.);
#384=FACE_OUTER_BOUND('',#467,.T.);
#385=FACE_OUTER_BOUND('',#468,.T.);
#386=FACE_OUTER_BOUND('',#469,.T.);
#387=FACE_OUTER_BOUND('',#470,.T.);
#388=FACE_OUTER_BOUND('',#471,.T.);
#389=FACE_OUTER_BOUND('',#472,.T.);
#390=FACE_OUTER_BOUND('',#473,.T.);
#391=FACE_OUTER_BOUND('',#474,.T.);
#392=FACE_OUTER_BOUND('',#475,.T.);
#393=FACE_OUTER_BOUND('',#476,.T.);
#394=FACE_OUTER_BOUND('',#477,.T.);
#395=FACE_OUTER_BOUND('',#478,.T.);
#396=FACE_OUTER_BOUND('',#479,.T.);
#397=FACE_OUTER_BOUND('',#480,.T.);
#398=FACE_OUTER_BOUND('',#481,.T.);
#399=FACE_OUTER_BOUND('',#487,.T.);
#400=FACE_OUTER_BOUND('',#493,.T.);
#401=FACE_OUTER_BOUND('',#494,.T.);
#402=FACE_OUTER_BOUND('',#495,.T.);
#403=FACE_OUTER_BOUND('',#496,.T.);
#404=FACE_OUTER_BOUND('',#497,.T.);
#405=FACE_OUTER_BOUND('',#498,.T.);
#406=FACE_OUTER_BOUND('',#499,.T.);
#407=FACE_OUTER_BOUND('',#500,.T.);
#408=FACE_OUTER_BOUND('',#501,.T.);
#409=FACE_OUTER_BOUND('',#502,.T.);
#410=FACE_OUTER_BOUND('',#504,.T.);
#411=FACE_OUTER_BOUND('',#505,.T.);
#412=FACE_OUTER_BOUND('',#507,.T.);
#413=FACE_OUTER_BOUND('',#508,.T.);
#414=FACE_OUTER_BOUND('',#510,.T.);
#415=FACE_OUTER_BOUND('',#511,.T.);
#416=FACE_OUTER_BOUND('',#513,.T.);
#417=FACE_OUTER_BOUND('',#515,.T.);
#418=FACE_OUTER_BOUND('',#516,.T.);
#419=FACE_OUTER_BOUND('',#518,.T.);
#420=FACE_OUTER_BOUND('',#519,.T.);
#421=FACE_OUTER_BOUND('',#520,.T.);
#422=FACE_OUTER_BOUND('',#521,.T.);
#423=EDGE_LOOP('',(#847,#848,#849));
#424=EDGE_LOOP('',(#850,#851,#852));
#425=EDGE_LOOP('',(#853,#854,#855));
#426=EDGE_LOOP('',(#856,#857,#858));
#427=EDGE_LOOP('',(#859,#860,#861,#862));
#428=EDGE_LOOP('',(#863,#864,#865,#866));
#429=EDGE_LOOP('',(#867,#868,#869,#870));
#430=EDGE_LOOP('',(#871,#872,#873,#874));
#431=EDGE_LOOP('',(#875,#876,#877,#878));
#432=EDGE_LOOP('',(#879,#880,#881,#882));
#433=EDGE_LOOP('',(#883,#884,#885,#886));
#434=EDGE_LOOP('',(#887,#888,#889,#890));
#435=EDGE_LOOP('',(#891,#892,#893,#894));
#436=EDGE_LOOP('',(#895,#896,#897,#898));
#437=EDGE_LOOP('',(#899,#900,#901,#902));
#438=EDGE_LOOP('',(#903,#904,#905,#906));
#439=EDGE_LOOP('',(#907,#908,#909,#910));
#440=EDGE_LOOP('',(#911,#912,#913,#914));
#441=EDGE_LOOP('',(#915,#916,#917,#918));
#442=EDGE_LOOP('',(#919));
#443=EDGE_LOOP('',(#920));
#444=EDGE_LOOP('',(#921,#922,#923,#924));
#445=EDGE_LOOP('',(#925));
#446=EDGE_LOOP('',(#926));
#447=EDGE_LOOP('',(#927,#928,#929,#930));
#448=EDGE_LOOP('',(#931));
#449=EDGE_LOOP('',(#932));
#450=EDGE_LOOP('',(#933,#934,#935,#936));
#451=EDGE_LOOP('',(#937));
#452=EDGE_LOOP('',(#938));
#453=EDGE_LOOP('',(#939,#940,#941,#942));
#454=EDGE_LOOP('',(#943,#944,#945,#946));
#455=EDGE_LOOP('',(#947,#948,#949,#950));
#456=EDGE_LOOP('',(#951,#952,#953,#954));
#457=EDGE_LOOP('',(#955,#956,#957,#958,#959,#960,#961,#962));
#458=EDGE_LOOP('',(#963,#964,#965,#966));
#459=EDGE_LOOP('',(#967,#968,#969,#970));
#460=EDGE_LOOP('',(#971));
#461=EDGE_LOOP('',(#972));
#462=EDGE_LOOP('',(#973));
#463=EDGE_LOOP('',(#974));
#464=EDGE_LOOP('',(#975,#976,#977,#978));
#465=EDGE_LOOP('',(#979,#980,#981,#982));
#466=EDGE_LOOP('',(#983,#984,#985,#986));
#467=EDGE_LOOP('',(#987,#988,#989,#990));
#468=EDGE_LOOP('',(#991,#992,#993,#994));
#469=EDGE_LOOP('',(#995,#996,#997,#998));
#470=EDGE_LOOP('',(#999,#1000,#1001,#1002));
#471=EDGE_LOOP('',(#1003,#1004,#1005,#1006));
#472=EDGE_LOOP('',(#1007,#1008,#1009,#1010));
#473=EDGE_LOOP('',(#1011,#1012,#1013,#1014));
#474=EDGE_LOOP('',(#1015,#1016,#1017,#1018));
#475=EDGE_LOOP('',(#1019,#1020,#1021,#1022));
#476=EDGE_LOOP('',(#1023,#1024,#1025,#1026));
#477=EDGE_LOOP('',(#1027,#1028,#1029,#1030));
#478=EDGE_LOOP('',(#1031,#1032,#1033,#1034));
#479=EDGE_LOOP('',(#1035,#1036,#1037,#1038));
#480=EDGE_LOOP('',(#1039,#1040,#1041,#1042));
#481=EDGE_LOOP('',(#1043,#1044,#1045,#1046,#1047,#1048,#1049,#1050,#1051,
#1052,#1053,#1054));
#482=EDGE_LOOP('',(#1055,#1056,#1057,#1058));
#483=EDGE_LOOP('',(#1059));
#484=EDGE_LOOP('',(#1060));
#485=EDGE_LOOP('',(#1061));
#486=EDGE_LOOP('',(#1062));
#487=EDGE_LOOP('',(#1063,#1064,#1065,#1066,#1067,#1068,#1069,#1070,#1071,
#1072,#1073,#1074));
#488=EDGE_LOOP('',(#1075,#1076,#1077,#1078));
#489=EDGE_LOOP('',(#1079));
#490=EDGE_LOOP('',(#1080));
#491=EDGE_LOOP('',(#1081));
#492=EDGE_LOOP('',(#1082));
#493=EDGE_LOOP('',(#1083,#1084,#1085,#1086));
#494=EDGE_LOOP('',(#1087));
#495=EDGE_LOOP('',(#1088,#1089,#1090,#1091));
#496=EDGE_LOOP('',(#1092));
#497=EDGE_LOOP('',(#1093,#1094,#1095,#1096));
#498=EDGE_LOOP('',(#1097));
#499=EDGE_LOOP('',(#1098,#1099,#1100,#1101));
#500=EDGE_LOOP('',(#1102));
#501=EDGE_LOOP('',(#1103,#1104,#1105,#1106));
#502=EDGE_LOOP('',(#1107));
#503=EDGE_LOOP('',(#1108));
#504=EDGE_LOOP('',(#1109,#1110,#1111,#1112));
#505=EDGE_LOOP('',(#1113));
#506=EDGE_LOOP('',(#1114));
#507=EDGE_LOOP('',(#1115,#1116,#1117,#1118));
#508=EDGE_LOOP('',(#1119));
#509=EDGE_LOOP('',(#1120));
#510=EDGE_LOOP('',(#1121,#1122,#1123,#1124));
#511=EDGE_LOOP('',(#1125));
#512=EDGE_LOOP('',(#1126));
#513=EDGE_LOOP('',(#1127,#1128,#1129,#1130,#1131,#1132,#1133,#1134,#1135,
#1136,#1137,#1138));
#514=EDGE_LOOP('',(#1139,#1140,#1141,#1142));
#515=EDGE_LOOP('',(#1143,#1144,#1145,#1146));
#516=EDGE_LOOP('',(#1147,#1148,#1149,#1150,#1151,#1152,#1153,#1154,#1155,
#1156,#1157,#1158));
#517=EDGE_LOOP('',(#1159,#1160,#1161,#1162));
#518=EDGE_LOOP('',(#1163,#1164,#1165,#1166));
#519=EDGE_LOOP('',(#1167,#1168,#1169,#1170));
#520=EDGE_LOOP('',(#1171,#1172,#1173,#1174));
#521=EDGE_LOOP('',(#1175,#1176,#1177,#1178));
#522=EDGE_LOOP('',(#1179,#1180,#1181,#1182));
#523=CIRCLE('',#1275,5.);
#524=CIRCLE('',#1278,5.);
#525=CIRCLE('',#1281,5.);
#526=CIRCLE('',#1284,5.);
#527=CIRCLE('',#1291,5.);
#528=CIRCLE('',#1294,5.);
#529=CIRCLE('',#1297,1.6);
#530=CIRCLE('',#1298,1.6);
#531=CIRCLE('',#1300,1.6);
#532=CIRCLE('',#1301,1.6);
#533=CIRCLE('',#1303,1.6);
#534=CIRCLE('',#1304,1.6);
#535=CIRCLE('',#1306,1.6);
#536=CIRCLE('',#1307,1.6);
#537=CIRCLE('',#1309,2.75);
#538=CIRCLE('',#1310,2.75);
#539=CIRCLE('',#1313,2.75);
#540=CIRCLE('',#1314,2.75);
#541=CIRCLE('',#1317,2.75);
#542=CIRCLE('',#1318,2.75);
#543=CIRCLE('',#1321,2.75);
#544=CIRCLE('',#1322,2.75);
#545=CIRCLE('',#1329,5.);
#546=CIRCLE('',#1330,5.);
#547=CIRCLE('',#1331,2.75);
#548=CIRCLE('',#1332,2.75);
#549=CIRCLE('',#1333,2.75);
#550=CIRCLE('',#1334,2.75);
#551=CIRCLE('',#1355,1.6);
#552=CIRCLE('',#1356,1.6);
#553=CIRCLE('',#1359,1.6);
#554=CIRCLE('',#1360,1.6);
#555=CIRCLE('',#1363,1.6);
#556=CIRCLE('',#1364,1.6);
#557=CIRCLE('',#1367,1.6);
#558=CIRCLE('',#1368,1.6);
#559=CIRCLE('',#1371,2.75);
#560=CIRCLE('',#1374,2.75);
#561=CIRCLE('',#1377,2.75);
#562=CIRCLE('',#1380,2.75);
#563=ELLIPSE('',#1273,6.08276253029822,6.);
#564=ELLIPSE('',#1274,6.08276253029822,6.);
#565=ELLIPSE('',#1276,6.08276253029822,6.);
#566=ELLIPSE('',#1277,6.08276253029821,6.);
#567=ELLIPSE('',#1279,6.08276253029822,6.);
#568=ELLIPSE('',#1280,6.08276253029822,6.);
#569=ELLIPSE('',#1282,6.08276253029822,6.);
#570=ELLIPSE('',#1283,6.08276253029822,6.);
#571=VERTEX_POINT('',#1786);
#572=VERTEX_POINT('',#1787);
#573=VERTEX_POINT('',#1789);
#574=VERTEX_POINT('',#1834);
#575=VERTEX_POINT('',#1835);
#576=VERTEX_POINT('',#1837);
#577=VERTEX_POINT('',#1882);
#578=VERTEX_POINT('',#1883);
#579=VERTEX_POINT('',#1885);
#580=VERTEX_POINT('',#1930);
#581=VERTEX_POINT('',#1931);
#582=VERTEX_POINT('',#1933);
#583=VERTEX_POINT('',#1949);
#584=VERTEX_POINT('',#1951);
#585=VERTEX_POINT('',#1955);
#586=VERTEX_POINT('',#1959);
#587=VERTEX_POINT('',#1962);
#588=VERTEX_POINT('',#1963);
#589=VERTEX_POINT('',#1965);
#590=VERTEX_POINT('',#1967);
#591=VERTEX_POINT('',#1971);
#592=VERTEX_POINT('',#1976);
#593=VERTEX_POINT('',#1978);
#594=VERTEX_POINT('',#1982);
#595=VERTEX_POINT('',#1984);
#596=VERTEX_POINT('',#1988);
#597=VERTEX_POINT('',#1990);
#598=VERTEX_POINT('',#1994);
#599=VERTEX_POINT('',#1996);
#600=VERTEX_POINT('',#2000);
#601=VERTEX_POINT('',#2002);
#602=VERTEX_POINT('',#2007);
#603=VERTEX_POINT('',#2009);
#604=VERTEX_POINT('',#2014);
#605=VERTEX_POINT('',#2016);
#606=VERTEX_POINT('',#2021);
#607=VERTEX_POINT('',#2023);
#608=VERTEX_POINT('',#2028);
#609=VERTEX_POINT('',#2029);
#610=VERTEX_POINT('',#2031);
#611=VERTEX_POINT('',#2033);
#612=VERTEX_POINT('',#2037);
#613=VERTEX_POINT('',#2039);
#614=VERTEX_POINT('',#2043);
#615=VERTEX_POINT('',#2045);
#616=VERTEX_POINT('',#2052);
#617=VERTEX_POINT('',#2054);
#618=VERTEX_POINT('',#2056);
#619=VERTEX_POINT('',#2059);
#620=VERTEX_POINT('',#2060);
#621=VERTEX_POINT('',#2062);
#622=VERTEX_POINT('',#2064);
#623=VERTEX_POINT('',#2067);
#624=VERTEX_POINT('',#2068);
#625=VERTEX_POINT('',#2070);
#626=VERTEX_POINT('',#2072);
#627=VERTEX_POINT('',#2075);
#628=VERTEX_POINT('',#2077);
#629=VERTEX_POINT('',#2079);
#630=VERTEX_POINT('',#2081);
#631=VERTEX_POINT('',#2090);
#632=VERTEX_POINT('',#2091);
#633=VERTEX_POINT('',#2093);
#634=VERTEX_POINT('',#2095);
#635=VERTEX_POINT('',#2099);
#636=VERTEX_POINT('',#2100);
#637=VERTEX_POINT('',#2105);
#638=VERTEX_POINT('',#2107);
#639=VERTEX_POINT('',#2111);
#640=VERTEX_POINT('',#2115);
#641=VERTEX_POINT('',#2117);
#642=VERTEX_POINT('',#2124);
#643=VERTEX_POINT('',#2130);
#644=VERTEX_POINT('',#2131);
#645=VERTEX_POINT('',#2133);
#646=VERTEX_POINT('',#2135);
#647=VERTEX_POINT('',#2139);
#648=VERTEX_POINT('',#2141);
#649=VERTEX_POINT('',#2145);
#650=VERTEX_POINT('',#2147);
#651=VERTEX_POINT('',#2151);
#652=VERTEX_POINT('',#2152);
#653=VERTEX_POINT('',#2154);
#654=VERTEX_POINT('',#2156);
#655=VERTEX_POINT('',#2160);
#656=VERTEX_POINT('',#2162);
#657=VERTEX_POINT('',#2166);
#658=VERTEX_POINT('',#2168);
#659=VERTEX_POINT('',#2172);
#660=VERTEX_POINT('',#2174);
#661=VERTEX_POINT('',#2182);
#662=VERTEX_POINT('',#2184);
#663=VERTEX_POINT('',#2188);
#664=VERTEX_POINT('',#2190);
#665=VERTEX_POINT('',#2195);
#666=VERTEX_POINT('',#2197);
#667=VERTEX_POINT('',#2202);
#668=VERTEX_POINT('',#2204);
#669=VERTEX_POINT('',#2209);
#670=VERTEX_POINT('',#2211);
#671=VERTEX_POINT('',#2216);
#672=VERTEX_POINT('',#2221);
#673=VERTEX_POINT('',#2226);
#674=VERTEX_POINT('',#2231);
#675=VERTEX_POINT('',#2236);
#676=VERTEX_POINT('',#2239);
#677=VERTEX_POINT('',#2243);
#678=VERTEX_POINT('',#2248);
#679=EDGE_CURVE('',#571,#572,#563,.T.);
#680=EDGE_CURVE('',#572,#573,#564,.T.);
#681=EDGE_CURVE('',#573,#571,#523,.T.);
#682=EDGE_CURVE('',#574,#575,#565,.T.);
#683=EDGE_CURVE('',#575,#576,#566,.T.);
#684=EDGE_CURVE('',#576,#574,#524,.T.);
#685=EDGE_CURVE('',#577,#578,#567,.T.);
#686=EDGE_CURVE('',#578,#579,#568,.T.);
#687=EDGE_CURVE('',#579,#577,#525,.T.);
#688=EDGE_CURVE('',#580,#581,#569,.T.);
#689=EDGE_CURVE('',#581,#582,#570,.T.);
#690=EDGE_CURVE('',#582,#580,#526,.T.);
#691=EDGE_CURVE('',#571,#582,#87,.T.);
#692=EDGE_CURVE('',#581,#572,#88,.T.);
#693=EDGE_CURVE('',#578,#581,#89,.T.);
#694=EDGE_CURVE('',#580,#579,#90,.T.);
#695=EDGE_CURVE('',#575,#578,#91,.T.);
#696=EDGE_CURVE('',#577,#576,#92,.T.);
#697=EDGE_CURVE('',#572,#575,#93,.T.);
#698=EDGE_CURVE('',#574,#573,#94,.T.);
#699=EDGE_CURVE('',#583,#577,#95,.T.);
#700=EDGE_CURVE('',#584,#583,#96,.T.);
#701=EDGE_CURVE('',#576,#584,#97,.T.);
#702=EDGE_CURVE('',#579,#585,#98,.T.);
#703=EDGE_CURVE('',#585,#583,#527,.T.);
#704=EDGE_CURVE('',#586,#580,#99,.T.);
#705=EDGE_CURVE('',#585,#586,#100,.T.);
#706=EDGE_CURVE('',#587,#588,#101,.T.);
#707=EDGE_CURVE('',#588,#589,#102,.T.);
#708=EDGE_CURVE('',#589,#590,#103,.T.);
#709=EDGE_CURVE('',#590,#587,#104,.T.);
#710=EDGE_CURVE('',#582,#591,#105,.T.);
#711=EDGE_CURVE('',#591,#586,#528,.T.);
#712=EDGE_CURVE('',#592,#592,#529,.T.);
#713=EDGE_CURVE('',#592,#593,#106,.T.);
#714=EDGE_CURVE('',#593,#593,#530,.T.);
#715=EDGE_CURVE('',#594,#594,#531,.T.);
#716=EDGE_CURVE('',#594,#595,#107,.T.);
#717=EDGE_CURVE('',#595,#595,#532,.T.);
#718=EDGE_CURVE('',#596,#596,#533,.T.);
#719=EDGE_CURVE('',#596,#597,#108,.T.);
#720=EDGE_CURVE('',#597,#597,#534,.T.);
#721=EDGE_CURVE('',#598,#598,#535,.T.);
#722=EDGE_CURVE('',#598,#599,#109,.T.);
#723=EDGE_CURVE('',#599,#599,#536,.T.);
#724=EDGE_CURVE('',#600,#600,#537,.T.);
#725=EDGE_CURVE('',#600,#601,#110,.T.);
#726=EDGE_CURVE('',#601,#601,#538,.T.);
#727=EDGE_CURVE('',#602,#602,#539,.T.);
#728=EDGE_CURVE('',#602,#603,#111,.T.);
#729=EDGE_CURVE('',#603,#603,#540,.T.);
#730=EDGE_CURVE('',#604,#604,#541,.T.);
#731=EDGE_CURVE('',#604,#605,#112,.T.);
#732=EDGE_CURVE('',#605,#605,#542,.T.);
#733=EDGE_CURVE('',#606,#606,#543,.T.);
#734=EDGE_CURVE('',#606,#607,#113,.T.);
#735=EDGE_CURVE('',#607,#607,#544,.T.);
#736=EDGE_CURVE('',#608,#609,#114,.T.);
#737=EDGE_CURVE('',#610,#608,#115,.T.);
#738=EDGE_CURVE('',#611,#610,#116,.T.);
#739=EDGE_CURVE('',#611,#609,#117,.T.);
#740=EDGE_CURVE('',#609,#612,#118,.T.);
#741=EDGE_CURVE('',#613,#611,#119,.T.);
#742=EDGE_CURVE('',#613,#612,#120,.T.);
#743=EDGE_CURVE('',#612,#614,#121,.T.);
#744=EDGE_CURVE('',#615,#613,#122,.T.);
#745=EDGE_CURVE('',#615,#614,#123,.T.);
#746=EDGE_CURVE('',#614,#608,#124,.T.);
#747=EDGE_CURVE('',#610,#615,#125,.T.);
#748=EDGE_CURVE('',#591,#616,#126,.T.);
#749=EDGE_CURVE('',#617,#616,#545,.T.);
#750=EDGE_CURVE('',#617,#618,#127,.T.);
#751=EDGE_CURVE('',#584,#618,#546,.T.);
#752=EDGE_CURVE('',#619,#620,#128,.T.);
#753=EDGE_CURVE('',#620,#621,#129,.T.);
#754=EDGE_CURVE('',#621,#622,#130,.T.);
#755=EDGE_CURVE('',#622,#619,#131,.T.);
#756=EDGE_CURVE('',#623,#624,#132,.T.);
#757=EDGE_CURVE('',#624,#625,#133,.T.);
#758=EDGE_CURVE('',#625,#626,#134,.T.);
#759=EDGE_CURVE('',#626,#623,#135,.T.);
#760=EDGE_CURVE('',#627,#627,#547,.T.);
#761=EDGE_CURVE('',#628,#628,#548,.T.);
#762=EDGE_CURVE('',#629,#629,#549,.T.);
#763=EDGE_CURVE('',#630,#630,#550,.T.);
#764=EDGE_CURVE('',#616,#571,#136,.T.);
#765=EDGE_CURVE('',#573,#617,#137,.T.);
#766=EDGE_CURVE('',#618,#574,#138,.T.);
#767=EDGE_CURVE('',#631,#632,#139,.T.);
#768=EDGE_CURVE('',#633,#631,#140,.T.);
#769=EDGE_CURVE('',#634,#633,#141,.T.);
#770=EDGE_CURVE('',#634,#632,#142,.T.);
#771=EDGE_CURVE('',#635,#636,#143,.T.);
#772=EDGE_CURVE('',#635,#590,#144,.T.);
#773=EDGE_CURVE('',#636,#589,#145,.T.);
#774=EDGE_CURVE('',#637,#631,#146,.T.);
#775=EDGE_CURVE('',#638,#637,#147,.T.);
#776=EDGE_CURVE('',#633,#638,#148,.T.);
#777=EDGE_CURVE('',#636,#639,#149,.T.);
#778=EDGE_CURVE('',#639,#588,#150,.T.);
#779=EDGE_CURVE('',#632,#640,#151,.T.);
#780=EDGE_CURVE('',#641,#634,#152,.T.);
#781=EDGE_CURVE('',#641,#640,#153,.T.);
#782=EDGE_CURVE('',#640,#637,#154,.T.);
#783=EDGE_CURVE('',#638,#641,#155,.T.);
#784=EDGE_CURVE('',#639,#642,#156,.T.);
#785=EDGE_CURVE('',#642,#587,#157,.T.);
#786=EDGE_CURVE('',#642,#635,#158,.T.);
#787=EDGE_CURVE('',#643,#644,#159,.T.);
#788=EDGE_CURVE('',#643,#645,#160,.T.);
#789=EDGE_CURVE('',#646,#645,#161,.T.);
#790=EDGE_CURVE('',#644,#646,#162,.T.);
#791=EDGE_CURVE('',#644,#647,#163,.T.);
#792=EDGE_CURVE('',#648,#646,#164,.T.);
#793=EDGE_CURVE('',#647,#648,#165,.T.);
#794=EDGE_CURVE('',#649,#643,#166,.T.);
#795=EDGE_CURVE('',#649,#650,#167,.T.);
#796=EDGE_CURVE('',#645,#650,#168,.T.);
#797=EDGE_CURVE('',#651,#652,#169,.T.);
#798=EDGE_CURVE('',#651,#653,#170,.T.);
#799=EDGE_CURVE('',#654,#653,#171,.T.);
#800=EDGE_CURVE('',#652,#654,#172,.T.);
#801=EDGE_CURVE('',#652,#655,#173,.T.);
#802=EDGE_CURVE('',#656,#654,#174,.T.);
#803=EDGE_CURVE('',#655,#656,#175,.T.);
#804=EDGE_CURVE('',#657,#651,#176,.T.);
#805=EDGE_CURVE('',#657,#658,#177,.T.);
#806=EDGE_CURVE('',#653,#658,#178,.T.);
#807=EDGE_CURVE('',#647,#659,#179,.T.);
#808=EDGE_CURVE('',#659,#660,#180,.T.);
#809=EDGE_CURVE('',#657,#660,#181,.T.);
#810=EDGE_CURVE('',#625,#655,#182,.T.);
#811=EDGE_CURVE('',#624,#649,#183,.T.);
#812=EDGE_CURVE('',#621,#650,#184,.T.);
#813=EDGE_CURVE('',#620,#656,#185,.T.);
#814=EDGE_CURVE('',#658,#661,#186,.T.);
#815=EDGE_CURVE('',#661,#662,#187,.T.);
#816=EDGE_CURVE('',#648,#662,#188,.T.);
#817=EDGE_CURVE('',#663,#663,#551,.T.);
#818=EDGE_CURVE('',#663,#664,#189,.T.);
#819=EDGE_CURVE('',#664,#664,#552,.T.);
#820=EDGE_CURVE('',#665,#665,#553,.T.);
#821=EDGE_CURVE('',#665,#666,#190,.T.);
#822=EDGE_CURVE('',#666,#666,#554,.T.);
#823=EDGE_CURVE('',#667,#667,#555,.T.);
#824=EDGE_CURVE('',#667,#668,#191,.T.);
#825=EDGE_CURVE('',#668,#668,#556,.T.);
#826=EDGE_CURVE('',#669,#669,#557,.T.);
#827=EDGE_CURVE('',#669,#670,#192,.T.);
#828=EDGE_CURVE('',#670,#670,#558,.T.);
#829=EDGE_CURVE('',#630,#671,#193,.T.);
#830=EDGE_CURVE('',#671,#671,#559,.T.);
#831=EDGE_CURVE('',#629,#672,#194,.T.);
#832=EDGE_CURVE('',#672,#672,#560,.T.);
#833=EDGE_CURVE('',#628,#673,#195,.T.);
#834=EDGE_CURVE('',#673,#673,#561,.T.);
#835=EDGE_CURVE('',#627,#674,#196,.T.);
#836=EDGE_CURVE('',#674,#674,#562,.T.);
#837=EDGE_CURVE('',#623,#675,#197,.T.);
#838=EDGE_CURVE('',#675,#659,#198,.T.);
#839=EDGE_CURVE('',#662,#676,#199,.T.);
#840=EDGE_CURVE('',#622,#676,#200,.T.);
#841=EDGE_CURVE('',#626,#677,#201,.T.);
#842=EDGE_CURVE('',#677,#675,#202,.T.);
#843=EDGE_CURVE('',#660,#677,#203,.T.);
#844=EDGE_CURVE('',#619,#678,#204,.T.);
#845=EDGE_CURVE('',#678,#661,#205,.T.);
#846=EDGE_CURVE('',#676,#678,#206,.T.);
#847=ORIENTED_EDGE('',*,*,#679,.T.);
#848=ORIENTED_EDGE('',*,*,#680,.T.);
#849=ORIENTED_EDGE('',*,*,#681,.T.);
#850=ORIENTED_EDGE('',*,*,#682,.T.);
#851=ORIENTED_EDGE('',*,*,#683,.T.);
#852=ORIENTED_EDGE('',*,*,#684,.T.);
#853=ORIENTED_EDGE('',*,*,#685,.T.);
#854=ORIENTED_EDGE('',*,*,#686,.T.);
#855=ORIENTED_EDGE('',*,*,#687,.T.);
#856=ORIENTED_EDGE('',*,*,#688,.T.);
#857=ORIENTED_EDGE('',*,*,#689,.T.);
#858=ORIENTED_EDGE('',*,*,#690,.T.);
#859=ORIENTED_EDGE('',*,*,#679,.F.);
#860=ORIENTED_EDGE('',*,*,#691,.T.);
#861=ORIENTED_EDGE('',*,*,#689,.F.);
#862=ORIENTED_EDGE('',*,*,#692,.T.);
#863=ORIENTED_EDGE('',*,*,#686,.F.);
#864=ORIENTED_EDGE('',*,*,#693,.T.);
#865=ORIENTED_EDGE('',*,*,#688,.F.);
#866=ORIENTED_EDGE('',*,*,#694,.T.);
#867=ORIENTED_EDGE('',*,*,#683,.F.);
#868=ORIENTED_EDGE('',*,*,#695,.T.);
#869=ORIENTED_EDGE('',*,*,#685,.F.);
#870=ORIENTED_EDGE('',*,*,#696,.T.);
#871=ORIENTED_EDGE('',*,*,#680,.F.);
#872=ORIENTED_EDGE('',*,*,#697,.T.);
#873=ORIENTED_EDGE('',*,*,#682,.F.);
#874=ORIENTED_EDGE('',*,*,#698,.T.);
#875=ORIENTED_EDGE('',*,*,#696,.F.);
#876=ORIENTED_EDGE('',*,*,#699,.F.);
#877=ORIENTED_EDGE('',*,*,#700,.F.);
#878=ORIENTED_EDGE('',*,*,#701,.F.);
#879=ORIENTED_EDGE('',*,*,#687,.F.);
#880=ORIENTED_EDGE('',*,*,#702,.T.);
#881=ORIENTED_EDGE('',*,*,#703,.T.);
#882=ORIENTED_EDGE('',*,*,#699,.T.);
#883=ORIENTED_EDGE('',*,*,#694,.F.);
#884=ORIENTED_EDGE('',*,*,#704,.F.);
#885=ORIENTED_EDGE('',*,*,#705,.F.);
#886=ORIENTED_EDGE('',*,*,#702,.F.);
#887=ORIENTED_EDGE('',*,*,#706,.T.);
#888=ORIENTED_EDGE('',*,*,#707,.T.);
#889=ORIENTED_EDGE('',*,*,#708,.T.);
#890=ORIENTED_EDGE('',*,*,#709,.T.);
#891=ORIENTED_EDGE('',*,*,#690,.F.);
#892=ORIENTED_EDGE('',*,*,#710,.T.);
#893=ORIENTED_EDGE('',*,*,#711,.T.);
#894=ORIENTED_EDGE('',*,*,#704,.T.);
#895=ORIENTED_EDGE('',*,*,#692,.F.);
#896=ORIENTED_EDGE('',*,*,#693,.F.);
#897=ORIENTED_EDGE('',*,*,#695,.F.);
#898=ORIENTED_EDGE('',*,*,#697,.F.);
#899=ORIENTED_EDGE('',*,*,#712,.F.);
#900=ORIENTED_EDGE('',*,*,#713,.T.);
#901=ORIENTED_EDGE('',*,*,#714,.F.);
#902=ORIENTED_EDGE('',*,*,#713,.F.);
#903=ORIENTED_EDGE('',*,*,#715,.F.);
#904=ORIENTED_EDGE('',*,*,#716,.T.);
#905=ORIENTED_EDGE('',*,*,#717,.F.);
#906=ORIENTED_EDGE('',*,*,#716,.F.);
#907=ORIENTED_EDGE('',*,*,#718,.F.);
#908=ORIENTED_EDGE('',*,*,#719,.T.);
#909=ORIENTED_EDGE('',*,*,#720,.F.);
#910=ORIENTED_EDGE('',*,*,#719,.F.);
#911=ORIENTED_EDGE('',*,*,#721,.F.);
#912=ORIENTED_EDGE('',*,*,#722,.T.);
#913=ORIENTED_EDGE('',*,*,#723,.F.);
#914=ORIENTED_EDGE('',*,*,#722,.F.);
#915=ORIENTED_EDGE('',*,*,#724,.F.);
#916=ORIENTED_EDGE('',*,*,#725,.T.);
#917=ORIENTED_EDGE('',*,*,#726,.T.);
#918=ORIENTED_EDGE('',*,*,#725,.F.);
#919=ORIENTED_EDGE('',*,*,#726,.F.);
#920=ORIENTED_EDGE('',*,*,#721,.T.);
#921=ORIENTED_EDGE('',*,*,#727,.F.);
#922=ORIENTED_EDGE('',*,*,#728,.T.);
#923=ORIENTED_EDGE('',*,*,#729,.T.);
#924=ORIENTED_EDGE('',*,*,#728,.F.);
#925=ORIENTED_EDGE('',*,*,#729,.F.);
#926=ORIENTED_EDGE('',*,*,#718,.T.);
#927=ORIENTED_EDGE('',*,*,#730,.F.);
#928=ORIENTED_EDGE('',*,*,#731,.T.);
#929=ORIENTED_EDGE('',*,*,#732,.T.);
#930=ORIENTED_EDGE('',*,*,#731,.F.);
#931=ORIENTED_EDGE('',*,*,#732,.F.);
#932=ORIENTED_EDGE('',*,*,#715,.T.);
#933=ORIENTED_EDGE('',*,*,#733,.F.);
#934=ORIENTED_EDGE('',*,*,#734,.T.);
#935=ORIENTED_EDGE('',*,*,#735,.T.);
#936=ORIENTED_EDGE('',*,*,#734,.F.);
#937=ORIENTED_EDGE('',*,*,#735,.F.);
#938=ORIENTED_EDGE('',*,*,#712,.T.);
#939=ORIENTED_EDGE('',*,*,#736,.F.);
#940=ORIENTED_EDGE('',*,*,#737,.F.);
#941=ORIENTED_EDGE('',*,*,#738,.F.);
#942=ORIENTED_EDGE('',*,*,#739,.T.);
#943=ORIENTED_EDGE('',*,*,#740,.F.);
#944=ORIENTED_EDGE('',*,*,#739,.F.);
#945=ORIENTED_EDGE('',*,*,#741,.F.);
#946=ORIENTED_EDGE('',*,*,#742,.T.);
#947=ORIENTED_EDGE('',*,*,#743,.F.);
#948=ORIENTED_EDGE('',*,*,#742,.F.);
#949=ORIENTED_EDGE('',*,*,#744,.F.);
#950=ORIENTED_EDGE('',*,*,#745,.T.);
#951=ORIENTED_EDGE('',*,*,#746,.F.);
#952=ORIENTED_EDGE('',*,*,#745,.F.);
#953=ORIENTED_EDGE('',*,*,#747,.F.);
#954=ORIENTED_EDGE('',*,*,#737,.T.);
#955=ORIENTED_EDGE('',*,*,#711,.F.);
#956=ORIENTED_EDGE('',*,*,#748,.T.);
#957=ORIENTED_EDGE('',*,*,#749,.F.);
#958=ORIENTED_EDGE('',*,*,#750,.T.);
#959=ORIENTED_EDGE('',*,*,#751,.F.);
#960=ORIENTED_EDGE('',*,*,#700,.T.);
#961=ORIENTED_EDGE('',*,*,#703,.F.);
#962=ORIENTED_EDGE('',*,*,#705,.T.);
#963=ORIENTED_EDGE('',*,*,#752,.T.);
#964=ORIENTED_EDGE('',*,*,#753,.T.);
#965=ORIENTED_EDGE('',*,*,#754,.T.);
#966=ORIENTED_EDGE('',*,*,#755,.T.);
#967=ORIENTED_EDGE('',*,*,#756,.T.);
#968=ORIENTED_EDGE('',*,*,#757,.T.);
#969=ORIENTED_EDGE('',*,*,#758,.T.);
#970=ORIENTED_EDGE('',*,*,#759,.T.);
#971=ORIENTED_EDGE('',*,*,#760,.T.);
#972=ORIENTED_EDGE('',*,*,#761,.T.);
#973=ORIENTED_EDGE('',*,*,#762,.T.);
#974=ORIENTED_EDGE('',*,*,#763,.T.);
#975=ORIENTED_EDGE('',*,*,#691,.F.);
#976=ORIENTED_EDGE('',*,*,#764,.F.);
#977=ORIENTED_EDGE('',*,*,#748,.F.);
#978=ORIENTED_EDGE('',*,*,#710,.F.);
#979=ORIENTED_EDGE('',*,*,#681,.F.);
#980=ORIENTED_EDGE('',*,*,#765,.T.);
#981=ORIENTED_EDGE('',*,*,#749,.T.);
#982=ORIENTED_EDGE('',*,*,#764,.T.);
#983=ORIENTED_EDGE('',*,*,#684,.F.);
#984=ORIENTED_EDGE('',*,*,#701,.T.);
#985=ORIENTED_EDGE('',*,*,#751,.T.);
#986=ORIENTED_EDGE('',*,*,#766,.T.);
#987=ORIENTED_EDGE('',*,*,#767,.F.);
#988=ORIENTED_EDGE('',*,*,#768,.F.);
#989=ORIENTED_EDGE('',*,*,#769,.F.);
#990=ORIENTED_EDGE('',*,*,#770,.T.);
#991=ORIENTED_EDGE('',*,*,#771,.F.);
#992=ORIENTED_EDGE('',*,*,#772,.T.);
#993=ORIENTED_EDGE('',*,*,#708,.F.);
#994=ORIENTED_EDGE('',*,*,#773,.F.);
#995=ORIENTED_EDGE('',*,*,#774,.F.);
#996=ORIENTED_EDGE('',*,*,#775,.F.);
#997=ORIENTED_EDGE('',*,*,#776,.F.);
#998=ORIENTED_EDGE('',*,*,#768,.T.);
#999=ORIENTED_EDGE('',*,*,#777,.F.);
#1000=ORIENTED_EDGE('',*,*,#773,.T.);
#1001=ORIENTED_EDGE('',*,*,#707,.F.);
#1002=ORIENTED_EDGE('',*,*,#778,.F.);
#1003=ORIENTED_EDGE('',*,*,#779,.F.);
#1004=ORIENTED_EDGE('',*,*,#770,.F.);
#1005=ORIENTED_EDGE('',*,*,#780,.F.);
#1006=ORIENTED_EDGE('',*,*,#781,.T.);
#1007=ORIENTED_EDGE('',*,*,#782,.F.);
#1008=ORIENTED_EDGE('',*,*,#781,.F.);
#1009=ORIENTED_EDGE('',*,*,#783,.F.);
#1010=ORIENTED_EDGE('',*,*,#775,.T.);
#1011=ORIENTED_EDGE('',*,*,#784,.F.);
#1012=ORIENTED_EDGE('',*,*,#778,.T.);
#1013=ORIENTED_EDGE('',*,*,#706,.F.);
#1014=ORIENTED_EDGE('',*,*,#785,.F.);
#1015=ORIENTED_EDGE('',*,*,#786,.F.);
#1016=ORIENTED_EDGE('',*,*,#785,.T.);
#1017=ORIENTED_EDGE('',*,*,#709,.F.);
#1018=ORIENTED_EDGE('',*,*,#772,.F.);
#1019=ORIENTED_EDGE('',*,*,#787,.F.);
#1020=ORIENTED_EDGE('',*,*,#788,.T.);
#1021=ORIENTED_EDGE('',*,*,#789,.F.);
#1022=ORIENTED_EDGE('',*,*,#790,.F.);
#1023=ORIENTED_EDGE('',*,*,#791,.F.);
#1024=ORIENTED_EDGE('',*,*,#790,.T.);
#1025=ORIENTED_EDGE('',*,*,#792,.F.);
#1026=ORIENTED_EDGE('',*,*,#793,.F.);
#1027=ORIENTED_EDGE('',*,*,#794,.F.);
#1028=ORIENTED_EDGE('',*,*,#795,.T.);
#1029=ORIENTED_EDGE('',*,*,#796,.F.);
#1030=ORIENTED_EDGE('',*,*,#788,.F.);
#1031=ORIENTED_EDGE('',*,*,#797,.F.);
#1032=ORIENTED_EDGE('',*,*,#798,.T.);
#1033=ORIENTED_EDGE('',*,*,#799,.F.);
#1034=ORIENTED_EDGE('',*,*,#800,.F.);
#1035=ORIENTED_EDGE('',*,*,#801,.F.);
#1036=ORIENTED_EDGE('',*,*,#800,.T.);
#1037=ORIENTED_EDGE('',*,*,#802,.F.);
#1038=ORIENTED_EDGE('',*,*,#803,.F.);
#1039=ORIENTED_EDGE('',*,*,#804,.F.);
#1040=ORIENTED_EDGE('',*,*,#805,.T.);
#1041=ORIENTED_EDGE('',*,*,#806,.F.);
#1042=ORIENTED_EDGE('',*,*,#798,.F.);
#1043=ORIENTED_EDGE('',*,*,#794,.T.);
#1044=ORIENTED_EDGE('',*,*,#787,.T.);
#1045=ORIENTED_EDGE('',*,*,#791,.T.);
#1046=ORIENTED_EDGE('',*,*,#807,.T.);
#1047=ORIENTED_EDGE('',*,*,#808,.T.);
#1048=ORIENTED_EDGE('',*,*,#809,.F.);
#1049=ORIENTED_EDGE('',*,*,#804,.T.);
#1050=ORIENTED_EDGE('',*,*,#797,.T.);
#1051=ORIENTED_EDGE('',*,*,#801,.T.);
#1052=ORIENTED_EDGE('',*,*,#810,.F.);
#1053=ORIENTED_EDGE('',*,*,#757,.F.);
#1054=ORIENTED_EDGE('',*,*,#811,.T.);
#1055=ORIENTED_EDGE('',*,*,#743,.T.);
#1056=ORIENTED_EDGE('',*,*,#746,.T.);
#1057=ORIENTED_EDGE('',*,*,#736,.T.);
#1058=ORIENTED_EDGE('',*,*,#740,.T.);
#1059=ORIENTED_EDGE('',*,*,#723,.T.);
#1060=ORIENTED_EDGE('',*,*,#720,.T.);
#1061=ORIENTED_EDGE('',*,*,#717,.T.);
#1062=ORIENTED_EDGE('',*,*,#714,.T.);
#1063=ORIENTED_EDGE('',*,*,#792,.T.);
#1064=ORIENTED_EDGE('',*,*,#789,.T.);
#1065=ORIENTED_EDGE('',*,*,#796,.T.);
#1066=ORIENTED_EDGE('',*,*,#812,.F.);
#1067=ORIENTED_EDGE('',*,*,#753,.F.);
#1068=ORIENTED_EDGE('',*,*,#813,.T.);
#1069=ORIENTED_EDGE('',*,*,#802,.T.);
#1070=ORIENTED_EDGE('',*,*,#799,.T.);
#1071=ORIENTED_EDGE('',*,*,#806,.T.);
#1072=ORIENTED_EDGE('',*,*,#814,.T.);
#1073=ORIENTED_EDGE('',*,*,#815,.T.);
#1074=ORIENTED_EDGE('',*,*,#816,.F.);
#1075=ORIENTED_EDGE('',*,*,#744,.T.);
#1076=ORIENTED_EDGE('',*,*,#741,.T.);
#1077=ORIENTED_EDGE('',*,*,#738,.T.);
#1078=ORIENTED_EDGE('',*,*,#747,.T.);
#1079=ORIENTED_EDGE('',*,*,#733,.T.);
#1080=ORIENTED_EDGE('',*,*,#730,.T.);
#1081=ORIENTED_EDGE('',*,*,#727,.T.);
#1082=ORIENTED_EDGE('',*,*,#724,.T.);
#1083=ORIENTED_EDGE('',*,*,#817,.F.);
#1084=ORIENTED_EDGE('',*,*,#818,.T.);
#1085=ORIENTED_EDGE('',*,*,#819,.T.);
#1086=ORIENTED_EDGE('',*,*,#818,.F.);
#1087=ORIENTED_EDGE('',*,*,#819,.F.);
#1088=ORIENTED_EDGE('',*,*,#820,.F.);
#1089=ORIENTED_EDGE('',*,*,#821,.T.);
#1090=ORIENTED_EDGE('',*,*,#822,.T.);
#1091=ORIENTED_EDGE('',*,*,#821,.F.);
#1092=ORIENTED_EDGE('',*,*,#822,.F.);
#1093=ORIENTED_EDGE('',*,*,#823,.F.);
#1094=ORIENTED_EDGE('',*,*,#824,.T.);
#1095=ORIENTED_EDGE('',*,*,#825,.T.);
#1096=ORIENTED_EDGE('',*,*,#824,.F.);
#1097=ORIENTED_EDGE('',*,*,#825,.F.);
#1098=ORIENTED_EDGE('',*,*,#826,.F.);
#1099=ORIENTED_EDGE('',*,*,#827,.T.);
#1100=ORIENTED_EDGE('',*,*,#828,.T.);
#1101=ORIENTED_EDGE('',*,*,#827,.F.);
#1102=ORIENTED_EDGE('',*,*,#828,.F.);
#1103=ORIENTED_EDGE('',*,*,#763,.F.);
#1104=ORIENTED_EDGE('',*,*,#829,.T.);
#1105=ORIENTED_EDGE('',*,*,#830,.T.);
#1106=ORIENTED_EDGE('',*,*,#829,.F.);
#1107=ORIENTED_EDGE('',*,*,#830,.F.);
#1108=ORIENTED_EDGE('',*,*,#826,.T.);
#1109=ORIENTED_EDGE('',*,*,#762,.F.);
#1110=ORIENTED_EDGE('',*,*,#831,.T.);
#1111=ORIENTED_EDGE('',*,*,#832,.T.);
#1112=ORIENTED_EDGE('',*,*,#831,.F.);
#1113=ORIENTED_EDGE('',*,*,#832,.F.);
#1114=ORIENTED_EDGE('',*,*,#817,.T.);
#1115=ORIENTED_EDGE('',*,*,#761,.F.);
#1116=ORIENTED_EDGE('',*,*,#833,.T.);
#1117=ORIENTED_EDGE('',*,*,#834,.T.);
#1118=ORIENTED_EDGE('',*,*,#833,.F.);
#1119=ORIENTED_EDGE('',*,*,#834,.F.);
#1120=ORIENTED_EDGE('',*,*,#820,.T.);
#1121=ORIENTED_EDGE('',*,*,#760,.F.);
#1122=ORIENTED_EDGE('',*,*,#835,.T.);
#1123=ORIENTED_EDGE('',*,*,#836,.T.);
#1124=ORIENTED_EDGE('',*,*,#835,.F.);
#1125=ORIENTED_EDGE('',*,*,#836,.F.);
#1126=ORIENTED_EDGE('',*,*,#823,.T.);
#1127=ORIENTED_EDGE('',*,*,#811,.F.);
#1128=ORIENTED_EDGE('',*,*,#756,.F.);
#1129=ORIENTED_EDGE('',*,*,#837,.T.);
#1130=ORIENTED_EDGE('',*,*,#838,.T.);
#1131=ORIENTED_EDGE('',*,*,#807,.F.);
#1132=ORIENTED_EDGE('',*,*,#793,.T.);
#1133=ORIENTED_EDGE('',*,*,#816,.T.);
#1134=ORIENTED_EDGE('',*,*,#839,.T.);
#1135=ORIENTED_EDGE('',*,*,#840,.F.);
#1136=ORIENTED_EDGE('',*,*,#754,.F.);
#1137=ORIENTED_EDGE('',*,*,#812,.T.);
#1138=ORIENTED_EDGE('',*,*,#795,.F.);
#1139=ORIENTED_EDGE('',*,*,#784,.T.);
#1140=ORIENTED_EDGE('',*,*,#786,.T.);
#1141=ORIENTED_EDGE('',*,*,#771,.T.);
#1142=ORIENTED_EDGE('',*,*,#777,.T.);
#1143=ORIENTED_EDGE('',*,*,#759,.F.);
#1144=ORIENTED_EDGE('',*,*,#841,.T.);
#1145=ORIENTED_EDGE('',*,*,#842,.T.);
#1146=ORIENTED_EDGE('',*,*,#837,.F.);
#1147=ORIENTED_EDGE('',*,*,#809,.T.);
#1148=ORIENTED_EDGE('',*,*,#843,.T.);
#1149=ORIENTED_EDGE('',*,*,#841,.F.);
#1150=ORIENTED_EDGE('',*,*,#758,.F.);
#1151=ORIENTED_EDGE('',*,*,#810,.T.);
#1152=ORIENTED_EDGE('',*,*,#803,.T.);
#1153=ORIENTED_EDGE('',*,*,#813,.F.);
#1154=ORIENTED_EDGE('',*,*,#752,.F.);
#1155=ORIENTED_EDGE('',*,*,#844,.T.);
#1156=ORIENTED_EDGE('',*,*,#845,.T.);
#1157=ORIENTED_EDGE('',*,*,#814,.F.);
#1158=ORIENTED_EDGE('',*,*,#805,.F.);
#1159=ORIENTED_EDGE('',*,*,#782,.T.);
#1160=ORIENTED_EDGE('',*,*,#774,.T.);
#1161=ORIENTED_EDGE('',*,*,#767,.T.);
#1162=ORIENTED_EDGE('',*,*,#779,.T.);
#1163=ORIENTED_EDGE('',*,*,#808,.F.);
#1164=ORIENTED_EDGE('',*,*,#838,.F.);
#1165=ORIENTED_EDGE('',*,*,#842,.F.);
#1166=ORIENTED_EDGE('',*,*,#843,.F.);
#1167=ORIENTED_EDGE('',*,*,#755,.F.);
#1168=ORIENTED_EDGE('',*,*,#840,.T.);
#1169=ORIENTED_EDGE('',*,*,#846,.T.);
#1170=ORIENTED_EDGE('',*,*,#844,.F.);
#1171=ORIENTED_EDGE('',*,*,#815,.F.);
#1172=ORIENTED_EDGE('',*,*,#845,.F.);
#1173=ORIENTED_EDGE('',*,*,#846,.F.);
#1174=ORIENTED_EDGE('',*,*,#839,.F.);
#1175=ORIENTED_EDGE('',*,*,#698,.F.);
#1176=ORIENTED_EDGE('',*,*,#766,.F.);
#1177=ORIENTED_EDGE('',*,*,#750,.F.);
#1178=ORIENTED_EDGE('',*,*,#765,.F.);
#1179=ORIENTED_EDGE('',*,*,#783,.T.);
#1180=ORIENTED_EDGE('',*,*,#780,.T.);
#1181=ORIENTED_EDGE('',*,*,#769,.T.);
#1182=ORIENTED_EDGE('',*,*,#776,.T.);
#1183=B_SPLINE_SURFACE_WITH_KNOTS('',3,3,((#1744,#1745,#1746,#1747,#1748,
#1749,#1750),(#1751,#1752,#1753,#1754,#1755,#1756,#1757),(#1758,#1759,#1760,
#1761,#1762,#1763,#1764),(#1765,#1766,#1767,#1768,#1769,#1770,#1771),(#1772,
#1773,#1774,#1775,#1776,#1777,#1778),(#1779,#1780,#1781,#1782,#1783,#1784,
#1785)),.UNSPECIFIED.,.F.,.F.,.F.,(4,1,1,4),(4,1,1,1,4),(0.,0.285714285714286,
0.571428571428571,1.),(1.38777878078144E-16,0.224399475256414,0.448798950512828,
0.897597901025655,1.5707963267949),.UNSPECIFIED.);
#1184=B_SPLINE_SURFACE_WITH_KNOTS('',3,3,((#1792,#1793,#1794,#1795,#1796,
#1797,#1798),(#1799,#1800,#1801,#1802,#1803,#1804,#1805),(#1806,#1807,#1808,
#1809,#1810,#1811,#1812),(#1813,#1814,#1815,#1816,#1817,#1818,#1819),(#1820,
#1821,#1822,#1823,#1824,#1825,#1826),(#1827,#1828,#1829,#1830,#1831,#1832,
#1833)),.UNSPECIFIED.,.F.,.F.,.F.,(4,1,1,4),(4,1,1,1,4),(0.,0.285714285714286,
0.571428571428571,1.),(1.38777878078144E-16,0.224399475256414,0.448798950512828,
0.897597901025655,1.5707963267949),.UNSPECIFIED.);
#1185=B_SPLINE_SURFACE_WITH_KNOTS('',3,3,((#1840,#1841,#1842,#1843,#1844,
#1845,#1846),(#1847,#1848,#1849,#1850,#1851,#1852,#1853),(#1854,#1855,#1856,
#1857,#1858,#1859,#1860),(#1861,#1862,#1863,#1864,#1865,#1866,#1867),(#1868,
#1869,#1870,#1871,#1872,#1873,#1874),(#1875,#1876,#1877,#1878,#1879,#1880,
#1881)),.UNSPECIFIED.,.F.,.F.,.F.,(4,1,1,4),(4,1,1,1,4),(0.,0.285714285714286,
0.571428571428571,1.),(0.,0.224399475256414,0.673198425769241,1.12199737628207,
1.5707963267949),.UNSPECIFIED.);
#1186=B_SPLINE_SURFACE_WITH_KNOTS('',3,3,((#1888,#1889,#1890,#1891,#1892,
#1893,#1894),(#1895,#1896,#1897,#1898,#1899,#1900,#1901),(#1902,#1903,#1904,
#1905,#1906,#1907,#1908),(#1909,#1910,#1911,#1912,#1913,#1914,#1915),(#1916,
#1917,#1918,#1919,#1920,#1921,#1922),(#1923,#1924,#1925,#1926,#1927,#1928,
#1929)),.UNSPECIFIED.,.F.,.F.,.F.,(4,1,1,4),(4,1,1,1,4),(0.,0.285714285714286,
0.571428571428571,1.),(1.38777878078144E-16,0.224399475256414,0.448798950512828,
0.897597901025655,1.5707963267949),.UNSPECIFIED.);
#1187=ADVANCED_FACE('',(#351),#1183,.F.);
#1188=ADVANCED_FACE('',(#352),#1184,.F.);
#1189=ADVANCED_FACE('',(#353),#1185,.F.);
#1190=ADVANCED_FACE('',(#354),#1186,.F.);
#1191=ADVANCED_FACE('',(#355),#327,.T.);
#1192=ADVANCED_FACE('',(#356),#328,.T.);
#1193=ADVANCED_FACE('',(#357),#329,.T.);
#1194=ADVANCED_FACE('',(#358),#330,.T.);
#1195=ADVANCED_FACE('',(#359),#43,.T.);
#1196=ADVANCED_FACE('',(#360),#331,.T.);
#1197=ADVANCED_FACE('',(#361,#15),#44,.T.);
#1198=ADVANCED_FACE('',(#362),#332,.T.);
#1199=ADVANCED_FACE('',(#363),#45,.T.);
#1200=ADVANCED_FACE('',(#364),#333,.F.);
#1201=ADVANCED_FACE('',(#365),#334,.F.);
#1202=ADVANCED_FACE('',(#366),#335,.F.);
#1203=ADVANCED_FACE('',(#367),#336,.F.);
#1204=ADVANCED_FACE('',(#368),#337,.F.);
#1205=ADVANCED_FACE('',(#369,#16),#46,.T.);
#1206=ADVANCED_FACE('',(#370),#338,.F.);
#1207=ADVANCED_FACE('',(#371,#17),#47,.T.);
#1208=ADVANCED_FACE('',(#372),#339,.F.);
#1209=ADVANCED_FACE('',(#373,#18),#48,.T.);
#1210=ADVANCED_FACE('',(#374),#340,.F.);
#1211=ADVANCED_FACE('',(#375,#19),#49,.T.);
#1212=ADVANCED_FACE('',(#376),#50,.F.);
#1213=ADVANCED_FACE('',(#377),#51,.F.);
#1214=ADVANCED_FACE('',(#378),#52,.F.);
#1215=ADVANCED_FACE('',(#379),#53,.F.);
#1216=ADVANCED_FACE('',(#380,#20,#21,#22,#23,#24,#25),#54,.T.);
#1217=ADVANCED_FACE('',(#381),#55,.T.);
#1218=ADVANCED_FACE('',(#382),#341,.T.);
#1219=ADVANCED_FACE('',(#383),#342,.T.);
#1220=ADVANCED_FACE('',(#384),#56,.F.);
#1221=ADVANCED_FACE('',(#385),#57,.F.);
#1222=ADVANCED_FACE('',(#386),#58,.F.);
#1223=ADVANCED_FACE('',(#387),#59,.F.);
#1224=ADVANCED_FACE('',(#388),#60,.F.);
#1225=ADVANCED_FACE('',(#389),#61,.F.);
#1226=ADVANCED_FACE('',(#390),#62,.F.);
#1227=ADVANCED_FACE('',(#391),#63,.F.);
#1228=ADVANCED_FACE('',(#392),#64,.F.);
#1229=ADVANCED_FACE('',(#393),#65,.F.);
#1230=ADVANCED_FACE('',(#394),#66,.F.);
#1231=ADVANCED_FACE('',(#395),#67,.F.);
#1232=ADVANCED_FACE('',(#396),#68,.F.);
#1233=ADVANCED_FACE('',(#397),#69,.F.);
#1234=ADVANCED_FACE('',(#398,#26,#27,#28,#29,#30),#70,.F.);
#1235=ADVANCED_FACE('',(#399,#31,#32,#33,#34,#35),#71,.F.);
#1236=ADVANCED_FACE('',(#400),#343,.F.);
#1237=ADVANCED_FACE('',(#401),#72,.T.);
#1238=ADVANCED_FACE('',(#402),#344,.F.);
#1239=ADVANCED_FACE('',(#403),#73,.T.);
#1240=ADVANCED_FACE('',(#404),#345,.F.);
#1241=ADVANCED_FACE('',(#405),#74,.T.);
#1242=ADVANCED_FACE('',(#406),#346,.F.);
#1243=ADVANCED_FACE('',(#407),#75,.T.);
#1244=ADVANCED_FACE('',(#408),#347,.F.);
#1245=ADVANCED_FACE('',(#409,#36),#76,.T.);
#1246=ADVANCED_FACE('',(#410),#348,.F.);
#1247=ADVANCED_FACE('',(#411,#37),#77,.T.);
#1248=ADVANCED_FACE('',(#412),#349,.F.);
#1249=ADVANCED_FACE('',(#413,#38),#78,.T.);
#1250=ADVANCED_FACE('',(#414),#350,.F.);
#1251=ADVANCED_FACE('',(#415,#39),#79,.T.);
#1252=ADVANCED_FACE('',(#416,#40),#80,.F.);
#1253=ADVANCED_FACE('',(#417),#81,.F.);
#1254=ADVANCED_FACE('',(#418,#41),#82,.F.);
#1255=ADVANCED_FACE('',(#419),#83,.F.);
#1256=ADVANCED_FACE('',(#420),#84,.F.);
#1257=ADVANCED_FACE('',(#421),#85,.F.);
#1258=ADVANCED_FACE('',(#422,#42),#86,.T.);
#1259=CLOSED_SHELL('',(#1187,#1188,#1189,#1190,#1191,#1192,#1193,#1194,
#1195,#1196,#1197,#1198,#1199,#1200,#1201,#1202,#1203,#1204,#1205,#1206,
#1207,#1208,#1209,#1210,#1211,#1212,#1213,#1214,#1215,#1216,#1217,#1218,
#1219,#1220,#1221,#1222,#1223,#1224,#1225,#1226,#1227,#1228,#1229,#1230,
#1231,#1232,#1233,#1234,#1235,#1236,#1237,#1238,#1239,#1240,#1241,#1242,
#1243,#1244,#1245,#1246,#1247,#1248,#1249,#1250,#1251,#1252,#1253,#1254,
#1255,#1256,#1257,#1258));
#1260=DERIVED_UNIT_ELEMENT(#1262,1.);
#1261=DERIVED_UNIT_ELEMENT(#2261,-3.);
#1262=(
MASS_UNIT()
NAMED_UNIT(*)
SI_UNIT(.KILO.,.GRAM.)
);
#1263=DERIVED_UNIT((#1260,#1261));
#1264=MEASURE_REPRESENTATION_ITEM('density measure',
POSITIVE_RATIO_MEASURE(7850.),#1263);
#1265=PROPERTY_DEFINITION_REPRESENTATION(#1270,#1267);
#1266=PROPERTY_DEFINITION_REPRESENTATION(#1271,#1268);
#1267=REPRESENTATION('material name',(#1269),#2258);
#1268=REPRESENTATION('density',(#1264),#2258);
#1269=DESCRIPTIVE_REPRESENTATION_ITEM('Steel','Steel');
#1270=PROPERTY_DEFINITION('material property','material name',#2268);
#1271=PROPERTY_DEFINITION('material property','density of part',#2268);
#1272=AXIS2_PLACEMENT_3D('',#1743,#1389,#1390);
#1273=AXIS2_PLACEMENT_3D('',#1788,#1391,#1392);
#1274=AXIS2_PLACEMENT_3D('',#1790,#1393,#1394);
#1275=AXIS2_PLACEMENT_3D('',#1791,#1395,#1396);
#1276=AXIS2_PLACEMENT_3D('',#1836,#1397,#1398);
#1277=AXIS2_PLACEMENT_3D('',#1838,#1399,#1400);
#1278=AXIS2_PLACEMENT_3D('',#1839,#1401,#1402);
#1279=AXIS2_PLACEMENT_3D('',#1884,#1403,#1404);
#1280=AXIS2_PLACEMENT_3D('',#1886,#1405,#1406);
#1281=AXIS2_PLACEMENT_3D('',#1887,#1407,#1408);
#1282=AXIS2_PLACEMENT_3D('',#1932,#1409,#1410);
#1283=AXIS2_PLACEMENT_3D('',#1934,#1411,#1412);
#1284=AXIS2_PLACEMENT_3D('',#1935,#1413,#1414);
#1285=AXIS2_PLACEMENT_3D('',#1936,#1415,#1416);
#1286=AXIS2_PLACEMENT_3D('',#1939,#1419,#1420);
#1287=AXIS2_PLACEMENT_3D('',#1942,#1423,#1424);
#1288=AXIS2_PLACEMENT_3D('',#1945,#1427,#1428);
#1289=AXIS2_PLACEMENT_3D('',#1948,#1431,#1432);
#1290=AXIS2_PLACEMENT_3D('',#1954,#1436,#1437);
#1291=AXIS2_PLACEMENT_3D('',#1957,#1439,#1440);
#1292=AXIS2_PLACEMENT_3D('',#1958,#1441,#1442);
#1293=AXIS2_PLACEMENT_3D('',#1970,#1449,#1450);
#1294=AXIS2_PLACEMENT_3D('',#1973,#1452,#1453);
#1295=AXIS2_PLACEMENT_3D('',#1974,#1454,#1455);
#1296=AXIS2_PLACEMENT_3D('',#1975,#1456,#1457);
#1297=AXIS2_PLACEMENT_3D('',#1977,#1458,#1459);
#1298=AXIS2_PLACEMENT_3D('',#1980,#1461,#1462);
#1299=AXIS2_PLACEMENT_3D('',#1981,#1463,#1464);
#1300=AXIS2_PLACEMENT_3D('',#1983,#1465,#1466);
#1301=AXIS2_PLACEMENT_3D('',#1986,#1468,#1469);
#1302=AXIS2_PLACEMENT_3D('',#1987,#1470,#1471);
#1303=AXIS2_PLACEMENT_3D('',#1989,#1472,#1473);
#1304=AXIS2_PLACEMENT_3D('',#1992,#1475,#1476);
#1305=AXIS2_PLACEMENT_3D('',#1993,#1477,#1478);
#1306=AXIS2_PLACEMENT_3D('',#1995,#1479,#1480);
#1307=AXIS2_PLACEMENT_3D('',#1998,#1482,#1483);
#1308=AXIS2_PLACEMENT_3D('',#1999,#1484,#1485);
#1309=AXIS2_PLACEMENT_3D('',#2001,#1486,#1487);
#1310=AXIS2_PLACEMENT_3D('',#2004,#1489,#1490);
#1311=AXIS2_PLACEMENT_3D('',#2005,#1491,#1492);
#1312=AXIS2_PLACEMENT_3D('',#2006,#1493,#1494);
#1313=AXIS2_PLACEMENT_3D('',#2008,#1495,#1496);
#1314=AXIS2_PLACEMENT_3D('',#2011,#1498,#1499);
#1315=AXIS2_PLACEMENT_3D('',#2012,#1500,#1501);
#1316=AXIS2_PLACEMENT_3D('',#2013,#1502,#1503);
#1317=AXIS2_PLACEMENT_3D('',#2015,#1504,#1505);
#1318=AXIS2_PLACEMENT_3D('',#2018,#1507,#1508);
#1319=AXIS2_PLACEMENT_3D('',#2019,#1509,#1510);
#1320=AXIS2_PLACEMENT_3D('',#2020,#1511,#1512);
#1321=AXIS2_PLACEMENT_3D('',#2022,#1513,#1514);
#1322=AXIS2_PLACEMENT_3D('',#2025,#1516,#1517);
#1323=AXIS2_PLACEMENT_3D('',#2026,#1518,#1519);
#1324=AXIS2_PLACEMENT_3D('',#2027,#1520,#1521);
#1325=AXIS2_PLACEMENT_3D('',#2036,#1526,#1527);
#1326=AXIS2_PLACEMENT_3D('',#2042,#1531,#1532);
#1327=AXIS2_PLACEMENT_3D('',#2048,#1536,#1537);
#1328=AXIS2_PLACEMENT_3D('',#2051,#1540,#1541);
#1329=AXIS2_PLACEMENT_3D('',#2055,#1543,#1544);
#1330=AXIS2_PLACEMENT_3D('',#2058,#1546,#1547);
#1331=AXIS2_PLACEMENT_3D('',#2076,#1556,#1557);
#1332=AXIS2_PLACEMENT_3D('',#2078,#1558,#1559);
#1333=AXIS2_PLACEMENT_3D('',#2080,#1560,#1561);
#1334=AXIS2_PLACEMENT_3D('',#2082,#1562,#1563);
#1335=AXIS2_PLACEMENT_3D('',#2083,#1564,#1565);
#1336=AXIS2_PLACEMENT_3D('',#2085,#1567,#1568);
#1337=AXIS2_PLACEMENT_3D('',#2087,#1570,#1571);
#1338=AXIS2_PLACEMENT_3D('',#2089,#1573,#1574);
#1339=AXIS2_PLACEMENT_3D('',#2098,#1579,#1580);
#1340=AXIS2_PLACEMENT_3D('',#2104,#1584,#1585);
#1341=AXIS2_PLACEMENT_3D('',#2110,#1589,#1590);
#1342=AXIS2_PLACEMENT_3D('',#2114,#1593,#1594);
#1343=AXIS2_PLACEMENT_3D('',#2120,#1598,#1599);
#1344=AXIS2_PLACEMENT_3D('',#2123,#1602,#1603);
#1345=AXIS2_PLACEMENT_3D('',#2127,#1606,#1607);
#1346=AXIS2_PLACEMENT_3D('',#2129,#1609,#1610);
#1347=AXIS2_PLACEMENT_3D('',#2138,#1615,#1616);
#1348=AXIS2_PLACEMENT_3D('',#2144,#1620,#1621);
#1349=AXIS2_PLACEMENT_3D('',#2150,#1625,#1626);
#1350=AXIS2_PLACEMENT_3D('',#2159,#1631,#1632);
#1351=AXIS2_PLACEMENT_3D('',#2165,#1636,#1637);
#1352=AXIS2_PLACEMENT_3D('',#2171,#1641,#1642);
#1353=AXIS2_PLACEMENT_3D('',#2179,#1648,#1649);
#1354=AXIS2_PLACEMENT_3D('',#2187,#1655,#1656);
#1355=AXIS2_PLACEMENT_3D('',#2189,#1657,#1658);
#1356=AXIS2_PLACEMENT_3D('',#2192,#1660,#1661);
#1357=AXIS2_PLACEMENT_3D('',#2193,#1662,#1663);
#1358=AXIS2_PLACEMENT_3D('',#2194,#1664,#1665);
#1359=AXIS2_PLACEMENT_3D('',#2196,#1666,#1667);
#1360=AXIS2_PLACEMENT_3D('',#2199,#1669,#1670);
#1361=AXIS2_PLACEMENT_3D('',#2200,#1671,#1672);
#1362=AXIS2_PLACEMENT_3D('',#2201,#1673,#1674);
#1363=AXIS2_PLACEMENT_3D('',#2203,#1675,#1676);
#1364=AXIS2_PLACEMENT_3D('',#2206,#1678,#1679);
#1365=AXIS2_PLACEMENT_3D('',#2207,#1680,#1681);
#1366=AXIS2_PLACEMENT_3D('',#2208,#1682,#1683);
#1367=AXIS2_PLACEMENT_3D('',#2210,#1684,#1685);
#1368=AXIS2_PLACEMENT_3D('',#2213,#1687,#1688);
#1369=AXIS2_PLACEMENT_3D('',#2214,#1689,#1690);
#1370=AXIS2_PLACEMENT_3D('',#2215,#1691,#1692);
#1371=AXIS2_PLACEMENT_3D('',#2218,#1694,#1695);
#1372=AXIS2_PLACEMENT_3D('',#2219,#1696,#1697);
#1373=AXIS2_PLACEMENT_3D('',#2220,#1698,#1699);
#1374=AXIS2_PLACEMENT_3D('',#2223,#1701,#1702);
#1375=AXIS2_PLACEMENT_3D('',#2224,#1703,#1704);
#1376=AXIS2_PLACEMENT_3D('',#2225,#1705,#1706);
#1377=AXIS2_PLACEMENT_3D('',#2228,#1708,#1709);
#1378=AXIS2_PLACEMENT_3D('',#2229,#1710,#1711);
#1379=AXIS2_PLACEMENT_3D('',#2230,#1712,#1713);
#1380=AXIS2_PLACEMENT_3D('',#2233,#1715,#1716);
#1381=AXIS2_PLACEMENT_3D('',#2234,#1717,#1718);
#1382=AXIS2_PLACEMENT_3D('',#2235,#1719,#1720);
#1383=AXIS2_PLACEMENT_3D('',#2242,#1725,#1726);
#1384=AXIS2_PLACEMENT_3D('',#2246,#1729,#1730);
#1385=AXIS2_PLACEMENT_3D('',#2251,#1734,#1735);
#1386=AXIS2_PLACEMENT_3D('',#2252,#1736,#1737);
#1387=AXIS2_PLACEMENT_3D('',#2254,#1739,#1740);
#1388=AXIS2_PLACEMENT_3D('',#2255,#1741,#1742);
#1389=DIRECTION('axis',(0.,0.,1.));
#1390=DIRECTION('refdir',(1.,0.,0.));
#1391=DIRECTION('center_axis',(0.986393923832144,0.164398987305357,-7.30078163725864E-16));
#1392=DIRECTION('ref_axis',(0.164398987305357,-0.986393923832144,0.));
#1393=DIRECTION('center_axis',(-0.164398987305357,-0.986393923832144,0.));
#1394=DIRECTION('ref_axis',(0.986393923832144,-0.164398987305357,0.));
#1395=DIRECTION('center_axis',(0.,0.,-1.));
#1396=DIRECTION('ref_axis',(1.,-8.88178419700125E-16,0.));
#1397=DIRECTION('center_axis',(-0.164398987305357,0.986393923832144,0.));
#1398=DIRECTION('ref_axis',(0.986393923832144,0.164398987305357,0.));
#1399=DIRECTION('center_axis',(0.986393923832144,-0.164398987305354,0.));
#1400=DIRECTION('ref_axis',(0.164398987305354,0.986393923832144,0.));
#1401=DIRECTION('center_axis',(0.,0.,-1.));
#1402=DIRECTION('ref_axis',(0.,1.,0.));
#1403=DIRECTION('center_axis',(-0.986393923832144,-0.164398987305358,0.));
#1404=DIRECTION('ref_axis',(-0.164398987305358,0.986393923832144,0.));
#1405=DIRECTION('center_axis',(0.164398987305357,0.986393923832144,0.));
#1406=DIRECTION('ref_axis',(-0.986393923832144,0.164398987305357,0.));
#1407=DIRECTION('center_axis',(0.,0.,-1.));
#1408=DIRECTION('ref_axis',(-1.,0.,0.));
#1409=DIRECTION('center_axis',(0.164398987305357,-0.986393923832144,-7.30078163725867E-16));
#1410=DIRECTION('ref_axis',(-0.986393923832144,-0.164398987305357,0.));
#1411=DIRECTION('center_axis',(-0.986393923832144,0.164398987305359,-7.30078163725866E-16));
#1412=DIRECTION('ref_axis',(-0.164398987305359,-0.986393923832143,0.));
#1413=DIRECTION('center_axis',(0.,0.,-1.));
#1414=DIRECTION('ref_axis',(-1.66533453693774E-15,-1.,0.));
#1415=DIRECTION('center_axis',(-1.,0.,0.));
#1416=DIRECTION('ref_axis',(0.,-0.707106781186548,-0.707106781186547));
#1417=DIRECTION('',(-1.,0.,0.));
#1418=DIRECTION('',(1.,0.,0.));
#1419=DIRECTION('center_axis',(3.0288129039936E-33,1.,0.));
#1420=DIRECTION('ref_axis',(-0.707106781186548,0.,-0.707106781186547));
#1421=DIRECTION('',(-3.0288129039936E-33,-1.,0.));
#1422=DIRECTION('',(3.0288129039936E-33,1.,0.));
#1423=DIRECTION('center_axis',(1.,0.,0.));
#1424=DIRECTION('ref_axis',(0.,0.707106781186549,-0.707106781186546));
#1425=DIRECTION('',(-1.,0.,0.));
#1426=DIRECTION('',(1.,0.,0.));
#1427=DIRECTION('center_axis',(0.,-1.,0.));
#1428=DIRECTION('ref_axis',(0.707106781186549,0.,-0.707106781186546));
#1429=DIRECTION('',(0.,1.,0.));
#1430=DIRECTION('',(0.,-1.,0.));
#1431=DIRECTION('center_axis',(0.,1.,0.));
#1432=DIRECTION('ref_axis',(1.,0.,0.));
#1433=DIRECTION('',(0.,0.,-1.));
#1434=DIRECTION('',(-1.,0.,0.));
#1435=DIRECTION('',(0.,0.,1.));
#1436=DIRECTION('center_axis',(0.,0.,-1.));
#1437=DIRECTION('ref_axis',(-0.707106781186547,0.707106781186547,0.));
#1438=DIRECTION('',(0.,0.,1.));
#1439=DIRECTION('center_axis',(0.,0.,-1.));
#1440=DIRECTION('ref_axis',(-0.707106781186547,0.707106781186547,0.));
#1441=DIRECTION('center_axis',(-1.,3.0288129039936E-33,0.));
#1442=DIRECTION('ref_axis',(3.0288129039936E-33,1.,0.));
#1443=DIRECTION('',(0.,0.,-1.));
#1444=DIRECTION('',(-3.0288129039936E-33,-1.,0.));
#1445=DIRECTION('',(3.0288129039936E-33,1.,0.));
#1446=DIRECTION('',(0.,0.,1.));
#1447=DIRECTION('',(-3.0288129039936E-33,-1.,0.));
#1448=DIRECTION('',(0.,0.,-1.));
#1449=DIRECTION('center_axis',(0.,0.,-1.));
#1450=DIRECTION('ref_axis',(-0.707106781186547,-0.707106781186547,0.));
#1451=DIRECTION('',(0.,0.,1.));
#1452=DIRECTION('center_axis',(0.,0.,-1.));
#1453=DIRECTION('ref_axis',(-0.707106781186547,-0.707106781186547,0.));
#1454=DIRECTION('center_axis',(0.,0.,-1.));
#1455=DIRECTION('ref_axis',(-1.,0.,0.));
#1456=DIRECTION('center_axis',(0.,-1.,0.));
#1457=DIRECTION('ref_axis',(1.,0.,0.));
#1458=DIRECTION('center_axis',(0.,-1.,0.));
#1459=DIRECTION('ref_axis',(1.,0.,0.));
#1460=DIRECTION('',(0.,-1.,0.));
#1461=DIRECTION('center_axis',(0.,1.,0.));
#1462=DIRECTION('ref_axis',(1.,0.,0.));
#1463=DIRECTION('center_axis',(0.,-1.,0.));
#1464=DIRECTION('ref_axis',(1.,0.,0.));
#1465=DIRECTION('center_axis',(0.,-1.,0.));
#1466=DIRECTION('ref_axis',(1.,0.,0.));
#1467=DIRECTION('',(0.,-1.,0.));
#1468=DIRECTION('center_axis',(0.,1.,0.));
#1469=DIRECTION('ref_axis',(1.,0.,0.));
#1470=DIRECTION('center_axis',(0.,-1.,0.));
#1471=DIRECTION('ref_axis',(1.,0.,0.));
#1472=DIRECTION('center_axis',(0.,-1.,0.));
#1473=DIRECTION('ref_axis',(1.,0.,0.));
#1474=DIRECTION('',(0.,-1.,0.));
#1475=DIRECTION('center_axis',(0.,1.,0.));
#1476=DIRECTION('ref_axis',(1.,0.,0.));
#1477=DIRECTION('center_axis',(0.,-1.,0.));
#1478=DIRECTION('ref_axis',(1.,0.,0.));
#1479=DIRECTION('center_axis',(0.,-1.,0.));
#1480=DIRECTION('ref_axis',(1.,0.,0.));
#1481=DIRECTION('',(0.,-1.,0.));
#1482=DIRECTION('center_axis',(0.,1.,0.));
#1483=DIRECTION('ref_axis',(1.,0.,0.));
#1484=DIRECTION('center_axis',(0.,-1.,0.));
#1485=DIRECTION('ref_axis',(1.,0.,0.));
#1486=DIRECTION('center_axis',(0.,-1.,0.));
#1487=DIRECTION('ref_axis',(1.,0.,0.));
#1488=DIRECTION('',(0.,-1.,0.));
#1489=DIRECTION('center_axis',(0.,-1.,0.));
#1490=DIRECTION('ref_axis',(1.,0.,0.));
#1491=DIRECTION('center_axis',(0.,1.,0.));
#1492=DIRECTION('ref_axis',(1.,0.,0.));
#1493=DIRECTION('center_axis',(0.,-1.,0.));
#1494=DIRECTION('ref_axis',(1.,0.,0.));
#1495=DIRECTION('center_axis',(0.,-1.,0.));
#1496=DIRECTION('ref_axis',(1.,0.,0.));
#1497=DIRECTION('',(0.,-1.,0.));
#1498=DIRECTION('center_axis',(0.,-1.,0.));
#1499=DIRECTION('ref_axis',(1.,0.,0.));
#1500=DIRECTION('center_axis',(0.,1.,0.));
#1501=DIRECTION('ref_axis',(1.,0.,0.));
#1502=DIRECTION('center_axis',(0.,-1.,0.));
#1503=DIRECTION('ref_axis',(1.,0.,0.));
#1504=DIRECTION('center_axis',(0.,-1.,0.));
#1505=DIRECTION('ref_axis',(1.,0.,0.));
#1506=DIRECTION('',(0.,-1.,0.));
#1507=DIRECTION('center_axis',(0.,-1.,0.));
#1508=DIRECTION('ref_axis',(1.,0.,0.));
#1509=DIRECTION('center_axis',(0.,1.,0.));
#1510=DIRECTION('ref_axis',(1.,0.,0.));
#1511=DIRECTION('center_axis',(0.,-1.,0.));
#1512=DIRECTION('ref_axis',(1.,0.,0.));
#1513=DIRECTION('center_axis',(0.,-1.,0.));
#1514=DIRECTION('ref_axis',(1.,0.,0.));
#1515=DIRECTION('',(0.,-1.,0.));
#1516=DIRECTION('center_axis',(0.,-1.,0.));
#1517=DIRECTION('ref_axis',(1.,0.,0.));
#1518=DIRECTION('center_axis',(0.,1.,0.));
#1519=DIRECTION('ref_axis',(1.,0.,0.));
#1520=DIRECTION('center_axis',(-1.,0.,0.));
#1521=DIRECTION('ref_axis',(0.,0.,-1.));
#1522=DIRECTION('',(0.,0.,1.));
#1523=DIRECTION('',(0.,-1.,0.));
#1524=DIRECTION('',(0.,0.,-1.));
#1525=DIRECTION('',(0.,-1.,0.));
#1526=DIRECTION('center_axis',(0.,0.,1.));
#1527=DIRECTION('ref_axis',(-1.,0.,0.));
#1528=DIRECTION('',(1.,0.,0.));
#1529=DIRECTION('',(-1.,0.,0.));
#1530=DIRECTION('',(0.,-1.,0.));
#1531=DIRECTION('center_axis',(1.,0.,0.));
#1532=DIRECTION('ref_axis',(0.,0.,1.));
#1533=DIRECTION('',(0.,0.,-1.));
#1534=DIRECTION('',(0.,0.,1.));
#1535=DIRECTION('',(0.,-1.,0.));
#1536=DIRECTION('center_axis',(0.,0.,-1.));
#1537=DIRECTION('ref_axis',(1.,0.,0.));
#1538=DIRECTION('',(-1.,0.,0.));
#1539=DIRECTION('',(1.,0.,0.));
#1540=DIRECTION('center_axis',(0.,0.,1.));
#1541=DIRECTION('ref_axis',(1.,0.,0.));
#1542=DIRECTION('',(1.,0.,0.));
#1543=DIRECTION('center_axis',(0.,0.,-1.));
#1544=DIRECTION('ref_axis',(0.707106781186547,-0.707106781186547,0.));
#1545=DIRECTION('',(0.,1.,0.));
#1546=DIRECTION('center_axis',(0.,0.,-1.));
#1547=DIRECTION('ref_axis',(0.707106781186547,0.707106781186547,0.));
#1548=DIRECTION('',(0.,-1.,0.));
#1549=DIRECTION('',(-1.,0.,0.));
#1550=DIRECTION('',(-3.1720657846433E-17,1.,0.));
#1551=DIRECTION('',(1.,0.,0.));
#1552=DIRECTION('',(-3.1720657846433E-17,1.,0.));
#1553=DIRECTION('',(1.,0.,0.));
#1554=DIRECTION('',(0.,-1.,0.));
#1555=DIRECTION('',(-1.,0.,0.));
#1556=DIRECTION('center_axis',(0.,0.,-1.));
#1557=DIRECTION('ref_axis',(1.,0.,0.));
#1558=DIRECTION('center_axis',(0.,0.,-1.));
#1559=DIRECTION('ref_axis',(1.,0.,0.));
#1560=DIRECTION('center_axis',(0.,0.,-1.));
#1561=DIRECTION('ref_axis',(1.,0.,0.));
#1562=DIRECTION('center_axis',(0.,0.,-1.));
#1563=DIRECTION('ref_axis',(1.,0.,0.));
#1564=DIRECTION('center_axis',(0.,-1.,0.));
#1565=DIRECTION('ref_axis',(-1.,0.,0.));
#1566=DIRECTION('',(0.,0.,-1.));
#1567=DIRECTION('center_axis',(0.,0.,-1.));
#1568=DIRECTION('ref_axis',(0.707106781186547,-0.707106781186547,0.));
#1569=DIRECTION('',(0.,0.,1.));
#1570=DIRECTION('center_axis',(0.,0.,-1.));
#1571=DIRECTION('ref_axis',(0.707106781186547,0.707106781186547,0.));
#1572=DIRECTION('',(0.,0.,-1.));
#1573=DIRECTION('center_axis',(0.,0.,1.));
#1574=DIRECTION('ref_axis',(0.,1.,0.));
#1575=DIRECTION('',(0.,-1.,0.));
#1576=DIRECTION('',(-1.,0.,0.));
#1577=DIRECTION('',(0.,1.,0.));
#1578=DIRECTION('',(-1.,0.,0.));
#1579=DIRECTION('center_axis',(0.,0.,1.));
#1580=DIRECTION('ref_axis',(0.,1.,0.));
#1581=DIRECTION('',(-3.1720657846433E-17,1.,0.));
#1582=DIRECTION('',(-1.,0.,0.));
#1583=DIRECTION('',(-1.,0.,0.));
#1584=DIRECTION('center_axis',(0.,1.,0.));
#1585=DIRECTION('ref_axis',(0.,0.,-1.));
#1586=DIRECTION('',(0.,0.,1.));
#1587=DIRECTION('',(-1.,0.,0.));
#1588=DIRECTION('',(0.,0.,-1.));
#1589=DIRECTION('center_axis',(0.,1.,0.));
#1590=DIRECTION('ref_axis',(0.,0.,-1.));
#1591=DIRECTION('',(0.,0.,-1.));
#1592=DIRECTION('',(-1.,0.,0.));
#1593=DIRECTION('center_axis',(0.,-1.,0.));
#1594=DIRECTION('ref_axis',(0.,0.,1.));
#1595=DIRECTION('',(0.,0.,-1.));
#1596=DIRECTION('',(0.,0.,1.));
#1597=DIRECTION('',(-1.,0.,0.));
#1598=DIRECTION('center_axis',(0.,0.,-1.));
#1599=DIRECTION('ref_axis',(0.,-1.,0.));
#1600=DIRECTION('',(0.,1.,0.));
#1601=DIRECTION('',(0.,-1.,0.));
#1602=DIRECTION('center_axis',(0.,0.,-1.));
#1603=DIRECTION('ref_axis',(0.,-1.,0.));
#1604=DIRECTION('',(3.1720657846433E-17,-1.,0.));
#1605=DIRECTION('',(-1.,0.,0.));
#1606=DIRECTION('center_axis',(0.,-1.,0.));
#1607=DIRECTION('ref_axis',(0.,0.,1.));
#1608=DIRECTION('',(0.,0.,1.));
#1609=DIRECTION('center_axis',(1.,0.,0.));
#1610=DIRECTION('ref_axis',(0.,0.,-1.));
#1611=DIRECTION('',(0.,0.,-1.));
#1612=DIRECTION('',(0.,1.,0.));
#1613=DIRECTION('',(0.,0.,1.));
#1614=DIRECTION('',(0.,1.,0.));
#1615=DIRECTION('center_axis',(0.,0.,-1.));
#1616=DIRECTION('ref_axis',(-1.,0.,0.));
#1617=DIRECTION('',(-1.,0.,0.));
#1618=DIRECTION('',(1.,0.,0.));
#1619=DIRECTION('',(0.,1.,0.));
#1620=DIRECTION('center_axis',(0.,0.,1.));
#1621=DIRECTION('ref_axis',(1.,0.,0.));
#1622=DIRECTION('',(1.,0.,0.));
#1623=DIRECTION('',(0.,1.,0.));
#1624=DIRECTION('',(-1.,0.,0.));
#1625=DIRECTION('center_axis',(-1.,0.,0.));
#1626=DIRECTION('ref_axis',(0.,0.,1.));
#1627=DIRECTION('',(0.,0.,1.));
#1628=DIRECTION('',(0.,1.,0.));
#1629=DIRECTION('',(0.,0.,-1.));
#1630=DIRECTION('',(0.,1.,0.));
#1631=DIRECTION('center_axis',(0.,0.,1.));
#1632=DIRECTION('ref_axis',(1.,0.,0.));
#1633=DIRECTION('',(1.,0.,0.));
#1634=DIRECTION('',(-1.,0.,0.));
#1635=DIRECTION('',(0.,1.,0.));
#1636=DIRECTION('center_axis',(0.,0.,-1.));
#1637=DIRECTION('ref_axis',(-1.,0.,0.));
#1638=DIRECTION('',(-1.,0.,0.));
#1639=DIRECTION('',(0.,1.,0.));
#1640=DIRECTION('',(1.,0.,0.));
#1641=DIRECTION('center_axis',(0.,1.,0.));
#1642=DIRECTION('ref_axis',(1.,0.,0.));
#1643=DIRECTION('',(0.,0.,-1.));
#1644=DIRECTION('',(1.,0.,0.));
#1645=DIRECTION('',(0.,0.,-1.));
#1646=DIRECTION('',(0.,0.,-1.));
#1647=DIRECTION('',(0.,0.,-1.));
#1648=DIRECTION('center_axis',(0.,-1.,0.));
#1649=DIRECTION('ref_axis',(-1.,0.,0.));
#1650=DIRECTION('',(0.,0.,-1.));
#1651=DIRECTION('',(0.,0.,-1.));
#1652=DIRECTION('',(0.,0.,-1.));
#1653=DIRECTION('',(-1.,0.,0.));
#1654=DIRECTION('',(0.,0.,-1.));
#1655=DIRECTION('center_axis',(0.,0.,-1.));
#1656=DIRECTION('ref_axis',(1.,0.,0.));
#1657=DIRECTION('center_axis',(0.,0.,-1.));
#1658=DIRECTION('ref_axis',(1.,0.,0.));
#1659=DIRECTION('',(0.,0.,-1.));
#1660=DIRECTION('center_axis',(0.,0.,-1.));
#1661=DIRECTION('ref_axis',(1.,0.,0.));
#1662=DIRECTION('center_axis',(0.,0.,1.));
#1663=DIRECTION('ref_axis',(1.,0.,0.));
#1664=DIRECTION('center_axis',(0.,0.,-1.));
#1665=DIRECTION('ref_axis',(1.,0.,0.));
#1666=DIRECTION('center_axis',(0.,0.,-1.));
#1667=DIRECTION('ref_axis',(1.,0.,0.));
#1668=DIRECTION('',(0.,0.,-1.));
#1669=DIRECTION('center_axis',(0.,0.,-1.));
#1670=DIRECTION('ref_axis',(1.,0.,0.));
#1671=DIRECTION('center_axis',(0.,0.,1.));
#1672=DIRECTION('ref_axis',(1.,0.,0.));
#1673=DIRECTION('center_axis',(0.,0.,-1.));
#1674=DIRECTION('ref_axis',(1.,0.,0.));
#1675=DIRECTION('center_axis',(0.,0.,-1.));
#1676=DIRECTION('ref_axis',(1.,0.,0.));
#1677=DIRECTION('',(0.,0.,-1.));
#1678=DIRECTION('center_axis',(0.,0.,-1.));
#1679=DIRECTION('ref_axis',(1.,0.,0.));
#1680=DIRECTION('center_axis',(0.,0.,1.));
#1681=DIRECTION('ref_axis',(1.,0.,0.));
#1682=DIRECTION('center_axis',(0.,0.,-1.));
#1683=DIRECTION('ref_axis',(1.,0.,0.));
#1684=DIRECTION('center_axis',(0.,0.,-1.));
#1685=DIRECTION('ref_axis',(1.,0.,0.));
#1686=DIRECTION('',(0.,0.,-1.));
#1687=DIRECTION('center_axis',(0.,0.,-1.));
#1688=DIRECTION('ref_axis',(1.,0.,0.));
#1689=DIRECTION('center_axis',(0.,0.,1.));
#1690=DIRECTION('ref_axis',(1.,0.,0.));
#1691=DIRECTION('center_axis',(0.,0.,-1.));
#1692=DIRECTION('ref_axis',(1.,0.,0.));
#1693=DIRECTION('',(0.,0.,-1.));
#1694=DIRECTION('center_axis',(0.,0.,-1.));
#1695=DIRECTION('ref_axis',(1.,0.,0.));
#1696=DIRECTION('center_axis',(0.,0.,1.));
#1697=DIRECTION('ref_axis',(1.,0.,0.));
#1698=DIRECTION('center_axis',(0.,0.,-1.));
#1699=DIRECTION('ref_axis',(1.,0.,0.));
#1700=DIRECTION('',(0.,0.,-1.));
#1701=DIRECTION('center_axis',(0.,0.,-1.));
#1702=DIRECTION('ref_axis',(1.,0.,0.));
#1703=DIRECTION('center_axis',(0.,0.,1.));
#1704=DIRECTION('ref_axis',(1.,0.,0.));
#1705=DIRECTION('center_axis',(0.,0.,-1.));
#1706=DIRECTION('ref_axis',(1.,0.,0.));
#1707=DIRECTION('',(0.,0.,-1.));
#1708=DIRECTION('center_axis',(0.,0.,-1.));
#1709=DIRECTION('ref_axis',(1.,0.,0.));
#1710=DIRECTION('center_axis',(0.,0.,1.));
#1711=DIRECTION('ref_axis',(1.,0.,0.));
#1712=DIRECTION('center_axis',(0.,0.,-1.));
#1713=DIRECTION('ref_axis',(1.,0.,0.));
#1714=DIRECTION('',(0.,0.,-1.));
#1715=DIRECTION('center_axis',(0.,0.,-1.));
#1716=DIRECTION('ref_axis',(1.,0.,0.));
#1717=DIRECTION('center_axis',(0.,0.,1.));
#1718=DIRECTION('ref_axis',(1.,0.,0.));
#1719=DIRECTION('center_axis',(-1.,-3.1720657846433E-17,0.));
#1720=DIRECTION('ref_axis',(-3.1720657846433E-17,1.,0.));
#1721=DIRECTION('',(0.,0.,-1.));
#1722=DIRECTION('',(-3.1720657846433E-17,1.,0.));
#1723=DIRECTION('',(-3.1720657846433E-17,1.,0.));
#1724=DIRECTION('',(0.,0.,-1.));
#1725=DIRECTION('center_axis',(0.,-1.,0.));
#1726=DIRECTION('ref_axis',(-1.,0.,0.));
#1727=DIRECTION('',(0.,0.,-1.));
#1728=DIRECTION('',(-1.,0.,0.));
#1729=DIRECTION('center_axis',(1.,0.,0.));
#1730=DIRECTION('ref_axis',(0.,-1.,0.));
#1731=DIRECTION('',(0.,-1.,0.));
#1732=DIRECTION('',(0.,0.,-1.));
#1733=DIRECTION('',(0.,-1.,0.));
#1734=DIRECTION('center_axis',(0.,0.,-1.));
#1735=DIRECTION('ref_axis',(-1.,0.,0.));
#1736=DIRECTION('center_axis',(0.,1.,0.));
#1737=DIRECTION('ref_axis',(1.,0.,0.));
#1738=DIRECTION('',(1.,0.,0.));
#1739=DIRECTION('center_axis',(0.,0.,-1.));
#1740=DIRECTION('ref_axis',(-1.,0.,0.));
#1741=DIRECTION('center_axis',(1.,0.,0.));
#1742=DIRECTION('ref_axis',(0.,-1.,0.));
#1743=CARTESIAN_POINT('',(0.,0.,0.));
#1744=CARTESIAN_POINT('Ctrl Pts',(110.84,0.,-72.85));
#1745=CARTESIAN_POINT('Ctrl Pts',(110.84,4.15222440239125E-17,-73.2987989505128));
#1746=CARTESIAN_POINT('Ctrl Pts',(110.823077772432,0.101533365406049,-74.1961993794941));
#1747=CARTESIAN_POINT('Ctrl Pts',(110.723778815805,0.697327105169647,-75.9004193632832));
#1748=CARTESIAN_POINT('Ctrl Pts',(110.437115421344,2.41730747193736,-78.0633197750302));
#1749=CARTESIAN_POINT('Ctrl Pts',(110.064399475256,4.65360314846151,-78.85));
#1750=CARTESIAN_POINT('Ctrl Pts',(109.84,5.99999999999997,-78.85));
#1751=CARTESIAN_POINT('Ctrl Pts',(111.587998250855,0.,-72.85));
#1752=CARTESIAN_POINT('Ctrl Pts',(111.587998250855,4.54124234883385E-17,
-73.3548381444429));
#1753=CARTESIAN_POINT('Ctrl Pts',(111.541792883749,0.127528395852138,-74.363026014896));
#1754=CARTESIAN_POINT('Ctrl Pts',(111.292632936284,0.844513707684357,-76.1842598542261));
#1755=CARTESIAN_POINT('Ctrl Pts',(110.723069282739,2.69249871801413,-78.2169895011482));
#1756=CARTESIAN_POINT('Ctrl Pts',(110.171256368236,4.76046004144076,-78.85));
#1757=CARTESIAN_POINT('Ctrl Pts',(109.84,5.99999999999998,-78.85));
#1758=CARTESIAN_POINT('Ctrl Pts',(113.080718978168,0.342398493854326,-72.85));
#1759=CARTESIAN_POINT('Ctrl Pts',(113.080718978168,0.342398493854326,-73.4410148821677));
#1760=CARTESIAN_POINT('Ctrl Pts',(112.976347293149,0.500809935392057,-74.6196984547328));
#1761=CARTESIAN_POINT('Ctrl Pts',(112.428824401867,1.3509974174205,-76.6119574463138));
#1762=CARTESIAN_POINT('Ctrl Pts',(111.294770510911,3.25609982032092,-78.4349261265398));
#1763=CARTESIAN_POINT('Ctrl Pts',(110.384970154194,4.97417382739925,-78.85));
#1764=CARTESIAN_POINT('Ctrl Pts',(109.84,5.99999999999998,-78.85));
#1765=CARTESIAN_POINT('Ctrl Pts',(115.183546853047,2.015095497579,-72.85));
#1766=CARTESIAN_POINT('Ctrl Pts',(115.183546853047,2.015095497579,-73.4730384123455));
#1767=CARTESIAN_POINT('Ctrl Pts',(115.019307646022,2.14827757548944,-74.715174911194));
#1768=CARTESIAN_POINT('Ctrl Pts',(114.151078000268,2.84271693409295,-76.7684524696409));
#1769=CARTESIAN_POINT('Ctrl Pts',(112.298359995597,4.25784747916708,-78.5107926896732));
#1770=CARTESIAN_POINT('Ctrl Pts',(110.758969279622,5.3481729528266,-78.85));
#1771=CARTESIAN_POINT('Ctrl Pts',(109.84,5.99999999999998,-78.85));
#1772=CARTESIAN_POINT('Ctrl Pts',(115.84,3.87800262371793,-72.85));
#1773=CARTESIAN_POINT('Ctrl Pts',(115.84,3.87800262371793,-73.3832831263951));
#1774=CARTESIAN_POINT('Ctrl Pts',(115.699615154709,3.93884543112851,-74.4475823526795));
#1775=CARTESIAN_POINT('Ctrl Pts',(114.920259802661,4.26336962381651,-76.3275966116256));
#1776=CARTESIAN_POINT('Ctrl Pts',(113.007311076291,4.97448332365874,-78.2935368514897));
#1777=CARTESIAN_POINT('Ctrl Pts',(111.02611151207,5.61531518527471,-78.85));
#1778=CARTESIAN_POINT('Ctrl Pts',(109.84,5.99999999999998,-78.85));
#1779=CARTESIAN_POINT('Ctrl Pts',(115.84,5.,-72.85));
#1780=CARTESIAN_POINT('Ctrl Pts',(115.84,5.,-73.2987989505128));
#1781=CARTESIAN_POINT('Ctrl Pts',(115.738466634594,5.01692222756767,-74.1961993794941));
#1782=CARTESIAN_POINT('Ctrl Pts',(115.14267289483,5.11622118419495,-75.9004193632832));
#1783=CARTESIAN_POINT('Ctrl Pts',(113.422692528063,5.40288457865624,-78.0633197750302));
#1784=CARTESIAN_POINT('Ctrl Pts',(111.186396851538,5.77560052474358,-78.85));
#1785=CARTESIAN_POINT('Ctrl Pts',(109.84,5.99999999999999,-78.85));
#1786=CARTESIAN_POINT('',(110.84,-9.99401484654989E-32,-72.85));
#1787=CARTESIAN_POINT('',(109.84,6.,-78.85));
#1788=CARTESIAN_POINT('Origin',(109.84,6.,-72.85));
#1789=CARTESIAN_POINT('',(115.84,5.,-72.85));
#1790=CARTESIAN_POINT('Origin',(109.84,6.,-72.85));
#1791=CARTESIAN_POINT('Origin',(110.84,5.,-72.85));
#1792=CARTESIAN_POINT('Ctrl Pts',(115.84,112.,-72.85));
#1793=CARTESIAN_POINT('Ctrl Pts',(115.84,112.,-73.2987989505128));
#1794=CARTESIAN_POINT('Ctrl Pts',(115.738451789804,111.983075298301,-74.1961562847916));
#1795=CARTESIAN_POINT('Ctrl Pts',(115.142655619149,111.883775936525,-75.900375891037));
#1796=CARTESIAN_POINT('Ctrl Pts',(113.422642474484,111.597107079081,-78.0631566640543));
#1797=CARTESIAN_POINT('Ctrl Pts',(111.186396851538,111.224399475256,-78.85));
#1798=CARTESIAN_POINT('Ctrl Pts',(109.84,111.,-78.85));
#1799=CARTESIAN_POINT('Ctrl Pts',(115.84,112.747998250855,-72.85));
#1800=CARTESIAN_POINT('Ctrl Pts',(115.84,112.747998250855,-73.3548381444429));
#1801=CARTESIAN_POINT('Ctrl Pts',(115.712468474136,112.701789909089,-74.3630409566046));
#1802=CARTESIAN_POINT('Ctrl Pts',(114.995485244956,112.452633206023,-76.1842716939002));
#1803=CARTESIAN_POINT('Ctrl Pts',(113.147487667249,111.883054339012,-78.2170294090257));
#1804=CARTESIAN_POINT('Ctrl Pts',(111.079539958559,111.331256368236,-78.85));
#1805=CARTESIAN_POINT('Ctrl Pts',(109.84,111.,-78.85));
#1806=CARTESIAN_POINT('Ctrl Pts',(115.497580839333,114.240680939839,-72.85));
#1807=CARTESIAN_POINT('Ctrl Pts',(115.497580839333,114.240680939839,-73.4410148821677));
#1808=CARTESIAN_POINT('Ctrl Pts',(115.339181005083,114.136300882061,-74.619796450803));
#1809=CARTESIAN_POINT('Ctrl Pts',(114.489010254088,113.588789913899,-76.612049970395));
#1810=CARTESIAN_POINT('Ctrl Pts',(112.583910724826,112.454690763292,-78.4352540227807));
#1811=CARTESIAN_POINT('Ctrl Pts',(110.865826172601,111.544970154194,-78.85));
#1812=CARTESIAN_POINT('Ctrl Pts',(109.84,111.,-78.85));
#1813=CARTESIAN_POINT('Ctrl Pts',(113.824874246595,116.343464594691,-72.85));
#1814=CARTESIAN_POINT('Ctrl Pts',(113.824874246595,116.343464594691,-73.4730384123455));
#1815=CARTESIAN_POINT('Ctrl Pts',(113.691702938901,116.179249418794,-74.7152822539625));
#1816=CARTESIAN_POINT('Ctrl Pts',(112.997286265389,115.311051433752,-76.7685535735487));
#1817=CARTESIAN_POINT('Ctrl Pts',(111.582144661684,113.458348548928,-78.5111959600639));
#1818=CARTESIAN_POINT('Ctrl Pts',(110.491827047173,111.918969279621,-78.85));
#1819=CARTESIAN_POINT('Ctrl Pts',(109.84,111.,-78.85));
#1820=CARTESIAN_POINT('Ctrl Pts',(111.961997376282,117.,-72.85));
#1821=CARTESIAN_POINT('Ctrl Pts',(111.961997376282,117.,-73.3832831263951));
#1822=CARTESIAN_POINT('Ctrl Pts',(111.901139592482,116.859570307034,-74.4476692889704));
#1823=CARTESIAN_POINT('Ctrl Pts',(111.576615890004,116.080199497396,-76.3276805841174));
#1824=CARTESIAN_POINT('Ctrl Pts',(110.865459858565,114.167145861256,-78.2937334466612));
#1825=CARTESIAN_POINT('Ctrl Pts',(110.224684814725,112.18611151207,-78.85));
#1826=CARTESIAN_POINT('Ctrl Pts',(109.84,111.,-78.85));
#1827=CARTESIAN_POINT('Ctrl Pts',(110.84,117.,-72.85));
#1828=CARTESIAN_POINT('Ctrl Pts',(110.84,117.,-73.2987989505128));
#1829=CARTESIAN_POINT('Ctrl Pts',(110.823075298301,116.898451789804,-74.1961562847915));
#1830=CARTESIAN_POINT('Ctrl Pts',(110.723775936525,116.302655619149,-75.900375891037));
#1831=CARTESIAN_POINT('Ctrl Pts',(110.437107079081,114.582642474484,-78.0631566640543));
#1832=CARTESIAN_POINT('Ctrl Pts',(110.064399475256,112.346396851538,-78.85));
#1833=CARTESIAN_POINT('Ctrl Pts',(109.84,111.,-78.85));
#1834=CARTESIAN_POINT('',(115.84,112.,-72.85));
#1835=CARTESIAN_POINT('',(109.84,111.,-78.85));
#1836=CARTESIAN_POINT('Origin',(109.84,111.,-72.85));
#1837=CARTESIAN_POINT('',(110.84,117.,-72.85));
#1838=CARTESIAN_POINT('Origin',(109.84,111.,-72.85));
#1839=CARTESIAN_POINT('Origin',(110.84,112.,-72.85));
#1840=CARTESIAN_POINT('Ctrl Pts',(5.,117.,-72.85));
#1841=CARTESIAN_POINT('Ctrl Pts',(5.,117.,-73.2987989505128));
#1842=CARTESIAN_POINT('Ctrl Pts',(5.02505849381322,116.849649037121,-74.6454503874905));
#1843=CARTESIAN_POINT('Ctrl Pts',(5.19138275791804,115.851703452492,-76.7187157533279));
#1844=CARTESIAN_POINT('Ctrl Pts',(5.5513150134745,113.692109919153,-78.4400676988671));
#1845=CARTESIAN_POINT('Ctrl Pts',(5.85040034982906,111.897597901026,-78.85));
#1846=CARTESIAN_POINT('Ctrl Pts',(6.,111.,-78.85));
#1847=CARTESIAN_POINT('Ctrl Pts',(4.25200174914529,117.,-72.85));
#1848=CARTESIAN_POINT('Ctrl Pts',(4.25200174914529,117.,-73.3548381444429));
#1849=CARTESIAN_POINT('Ctrl Pts',(4.32374691489131,116.807135103829,-74.8757566205579));
#1850=CARTESIAN_POINT('Ctrl Pts',(4.72253520614916,115.629168848969,-76.9940186355599));
#1851=CARTESIAN_POINT('Ctrl Pts',(5.33801430764943,113.478080990409,-78.5083572162656));
#1852=CARTESIAN_POINT('Ctrl Pts',(5.77916242117623,111.826359972373,-78.85));
#1853=CARTESIAN_POINT('Ctrl Pts',(6.,111.,-78.85));
#1854=CARTESIAN_POINT('Ctrl Pts',(2.75928163338183,116.657601172212,-72.85));
#1855=CARTESIAN_POINT('Ctrl Pts',(2.75928163338183,116.657601172212,-73.4410148821677));
#1856=CARTESIAN_POINT('Ctrl Pts',(2.92374030830282,116.411950463178,-75.2301381701804));
#1857=CARTESIAN_POINT('Ctrl Pts',(3.78555061457422,115.050345460849,-77.4011628883327));
#1858=CARTESIAN_POINT('Ctrl Pts',(4.91163842733009,113.050155007662,-78.6036491155835));
#1859=CARTESIAN_POINT('Ctrl Pts',(5.63668656387057,111.683884115067,-78.85));
#1860=CARTESIAN_POINT('Ctrl Pts',(6.,111.,-78.85));
#1861=CARTESIAN_POINT('Ctrl Pts',(0.656454480217237,114.984904012956,-72.85));
#1862=CARTESIAN_POINT('Ctrl Pts',(0.656454480217237,114.984904012956,-73.4730384123455));
#1863=CARTESIAN_POINT('Ctrl Pts',(0.913389954247079,114.774721626461,-75.3619504502708));
#1864=CARTESIAN_POINT('Ctrl Pts',(2.29059547385515,113.683970958337,-77.5479227392456));
#1865=CARTESIAN_POINT('Ctrl Pts',(4.16366762864003,112.30223080107,-78.6363567525349));
#1866=CARTESIAN_POINT('Ctrl Pts',(5.38735381358567,111.434551364782,-78.85));
#1867=CARTESIAN_POINT('Ctrl Pts',(6.,111.,-78.85));
#1868=CARTESIAN_POINT('Ctrl Pts',(-6.10975719608537E-16,113.121997376282,
-72.85));
#1869=CARTESIAN_POINT('Ctrl Pts',(-6.10975719608537E-16,113.121997376282,
-73.3832831263951));
#1870=CARTESIAN_POINT('Ctrl Pts',(0.214103123399304,113.026855103101,-74.9925333707799));
#1871=CARTESIAN_POINT('Ctrl Pts',(1.4840443018424,112.511416671734,-77.1324966235122));
#1872=CARTESIAN_POINT('Ctrl Pts',(3.63029499792869,111.768371615907,-78.54224811839));
#1873=CARTESIAN_POINT('Ctrl Pts',(5.2092589919536,111.25645654315,-78.85));
#1874=CARTESIAN_POINT('Ctrl Pts',(6.,111.,-78.85));
#1875=CARTESIAN_POINT('Ctrl Pts',(-5.55111512312578E-16,112.,-72.85));
#1876=CARTESIAN_POINT('Ctrl Pts',(-5.55111512312578E-16,112.,-73.2987989505128));
#1877=CARTESIAN_POINT('Ctrl Pts',(0.150350962879319,111.974941506187,-74.6454503874905));
#1878=CARTESIAN_POINT('Ctrl Pts',(1.14829654750824,111.808617242082,-76.7187157533279));
#1879=CARTESIAN_POINT('Ctrl Pts',(3.307890080847,111.448684986526,-78.4400676988671));
#1880=CARTESIAN_POINT('Ctrl Pts',(5.10240209897436,111.149599650171,-78.85));
#1881=CARTESIAN_POINT('Ctrl Pts',(6.,111.,-78.85));
#1882=CARTESIAN_POINT('',(5.,117.,-72.85));
#1883=CARTESIAN_POINT('',(6.,111.,-78.85));
#1884=CARTESIAN_POINT('Origin',(6.,111.,-72.85));
#1885=CARTESIAN_POINT('',(0.,112.,-72.85));
#1886=CARTESIAN_POINT('Origin',(6.,111.,-72.85));
#1887=CARTESIAN_POINT('Origin',(5.,112.,-72.85));
#1888=CARTESIAN_POINT('Ctrl Pts',(0.,5.,-72.85));
#1889=CARTESIAN_POINT('Ctrl Pts',(4.15222440239119E-17,5.,-73.2987989505128));
#1890=CARTESIAN_POINT('Ctrl Pts',(0.101495537344856,5.01691592289081,-74.1963088623194));
#1891=CARTESIAN_POINT('Ctrl Pts',(0.69728339084508,5.11621389847418,-75.9005240419312));
#1892=CARTESIAN_POINT('Ctrl Pts',(2.41717607240157,5.4028626787336,-78.0637536981193));
#1893=CARTESIAN_POINT('Ctrl Pts',(4.6536031484615,5.77560052474359,-78.85));
#1894=CARTESIAN_POINT('Ctrl Pts',(5.99999999999997,6.,-78.85));
#1895=CARTESIAN_POINT('Ctrl Pts',(-7.47400392430421E-16,4.25200174914529,
-72.85));
#1896=CARTESIAN_POINT('Ctrl Pts',(-7.01987968942083E-16,4.25200174914529,
-73.3548381444428));
#1897=CARTESIAN_POINT('Ctrl Pts',(0.127520206828466,4.29819927532434,-74.3629859741478));
#1898=CARTESIAN_POINT('Ctrl Pts',(0.844512654057792,4.54737010463824,-76.1842312274481));
#1899=CARTESIAN_POINT('Ctrl Pts',(2.69246140866323,5.11688914507454,-78.2168842826887));
#1900=CARTESIAN_POINT('Ctrl Pts',(4.76046004144074,5.66874363176434,-78.85));
#1901=CARTESIAN_POINT('Ctrl Pts',(5.99999999999998,6.,-78.85));
#1902=CARTESIAN_POINT('Ctrl Pts',(0.342337061590017,2.75917036411966,-72.85));
#1903=CARTESIAN_POINT('Ctrl Pts',(0.342337061590017,2.75917036411966,-73.4410148821677));
#1904=CARTESIAN_POINT('Ctrl Pts',(0.500779941517712,2.86352613022005,-74.6194496500522));
#1905=CARTESIAN_POINT('Ctrl Pts',(1.35102032312415,3.41108949852129,-76.6117385068225));
#1906=CARTESIAN_POINT('Ctrl Pts',(3.25612542619981,4.5450228747989,-78.4340636919815));
#1907=CARTESIAN_POINT('Ctrl Pts',(4.97417382739923,5.45502984580585,-78.85));
#1908=CARTESIAN_POINT('Ctrl Pts',(5.99999999999998,6.,-78.85));
#1909=CARTESIAN_POINT('Ctrl Pts',(2.01500509733745,0.656205388146678,-72.85));
#1910=CARTESIAN_POINT('Ctrl Pts',(2.01500509733745,0.656205388146678,-73.4730384123455));
#1911=CARTESIAN_POINT('Ctrl Pts',(2.14821789588229,0.820517489550695,-74.7149108155796));
#1912=CARTESIAN_POINT('Ctrl Pts',(2.84272989482133,1.68884885915254,-76.7682235100975));
#1913=CARTESIAN_POINT('Ctrl Pts',(4.25782374311789,3.54161635766385,-78.509730413399));
#1914=CARTESIAN_POINT('Ctrl Pts',(5.34817295282658,5.0810307203785,-78.85));
#1915=CARTESIAN_POINT('Ctrl Pts',(5.99999999999998,5.99999999999999,-78.85));
#1916=CARTESIAN_POINT('Ctrl Pts',(3.87800262371792,1.08189877028531E-14,
-72.85));
#1917=CARTESIAN_POINT('Ctrl Pts',(3.87800262371792,1.08865349249041E-14,
-73.3832831263951));
#1918=CARTESIAN_POINT('Ctrl Pts',(3.93880727910592,0.140273320325651,-74.4473490384498));
#1919=CARTESIAN_POINT('Ctrl Pts',(4.2633351269547,0.919585492116981,-76.3273804206769));
#1920=CARTESIAN_POINT('Ctrl Pts',(4.97433190308448,2.83225609169631,-78.2930302682094));
#1921=CARTESIAN_POINT('Ctrl Pts',(5.61531518527469,4.81388848793039,-78.85));
#1922=CARTESIAN_POINT('Ctrl Pts',(5.99999999999998,5.99999999999999,-78.85));
#1923=CARTESIAN_POINT('Ctrl Pts',(4.99999999999998,8.88178419700125E-15,
-72.85));
#1924=CARTESIAN_POINT('Ctrl Pts',(4.99999999999998,8.94925784354011E-15,
-73.2987989505128));
#1925=CARTESIAN_POINT('Ctrl Pts',(5.01691592289079,0.101495537344864,-74.1963088623194));
#1926=CARTESIAN_POINT('Ctrl Pts',(5.11621389847416,0.697283390845098,-75.9005240419312));
#1927=CARTESIAN_POINT('Ctrl Pts',(5.40286267873359,2.41717607240159,-78.0637536981193));
#1928=CARTESIAN_POINT('Ctrl Pts',(5.77560052474356,4.65360314846152,-78.85));
#1929=CARTESIAN_POINT('Ctrl Pts',(5.99999999999999,5.99999999999999,-78.85));
#1930=CARTESIAN_POINT('',(-9.99401484654998E-32,5.,-72.85));
#1931=CARTESIAN_POINT('',(6.,6.,-78.85));
#1932=CARTESIAN_POINT('Origin',(6.,6.,-72.85));
#1933=CARTESIAN_POINT('',(4.99999999999998,-9.99401484655005E-32,-72.85));
#1934=CARTESIAN_POINT('Origin',(5.99999999999999,6.,-72.85));
#1935=CARTESIAN_POINT('Origin',(4.99999999999999,5.,-72.85));
#1936=CARTESIAN_POINT('Origin',(86.88,6.,-72.85));
#1937=CARTESIAN_POINT('',(86.88,0.,-72.85));
#1938=CARTESIAN_POINT('',(86.88,6.,-78.85));
#1939=CARTESIAN_POINT('Origin',(6.,29.25,-72.85));
#1940=CARTESIAN_POINT('',(6.,29.25,-78.85));
#1941=CARTESIAN_POINT('',(0.,29.25,-72.85));
#1942=CARTESIAN_POINT('Origin',(28.96,111.,-72.85));
#1943=CARTESIAN_POINT('',(28.96,111.,-78.85));
#1944=CARTESIAN_POINT('',(28.96,117.,-72.85));
#1945=CARTESIAN_POINT('Origin',(109.84,87.75,-72.85));
#1946=CARTESIAN_POINT('',(109.84,87.75,-78.85));
#1947=CARTESIAN_POINT('',(115.84,87.75,-72.85));
#1948=CARTESIAN_POINT('Origin',(0.,117.,0.));
#1949=CARTESIAN_POINT('',(5.,117.,0.));
#1950=CARTESIAN_POINT('',(5.,117.,0.));
#1951=CARTESIAN_POINT('',(110.84,117.,0.));
#1952=CARTESIAN_POINT('',(115.84,117.,0.));
#1953=CARTESIAN_POINT('',(110.84,117.,0.));
#1954=CARTESIAN_POINT('Origin',(5.,112.,0.));
#1955=CARTESIAN_POINT('',(3.39227045247283E-31,112.,0.));
#1956=CARTESIAN_POINT('',(0.,112.,0.));
#1957=CARTESIAN_POINT('Origin',(5.,112.,0.));
#1958=CARTESIAN_POINT('Origin',(0.,0.,0.));
#1959=CARTESIAN_POINT('',(1.5144064519968E-32,5.,0.));
#1960=CARTESIAN_POINT('',(0.,5.,0.));
#1961=CARTESIAN_POINT('',(3.54371109767251E-31,117.,0.));
#1962=CARTESIAN_POINT('',(0.,15.,-44.925));
#1963=CARTESIAN_POINT('',(0.,35.,-44.925));
#1964=CARTESIAN_POINT('',(0.,17.5,-44.925));
#1965=CARTESIAN_POINT('',(0.,35.,-28.925));
#1966=CARTESIAN_POINT('',(0.,35.,-14.4625));
#1967=CARTESIAN_POINT('',(0.,15.,-28.925));
#1968=CARTESIAN_POINT('',(0.,7.5,-28.925));
#1969=CARTESIAN_POINT('',(0.,15.,-22.4625));
#1970=CARTESIAN_POINT('Origin',(5.,5.,0.));
#1971=CARTESIAN_POINT('',(5.,0.,0.));
#1972=CARTESIAN_POINT('',(5.,0.,0.));
#1973=CARTESIAN_POINT('Origin',(5.,5.,0.));
#1974=CARTESIAN_POINT('Origin',(57.92,58.5,-78.85));
#1975=CARTESIAN_POINT('Origin',(80.42,70.,-26.925));
#1976=CARTESIAN_POINT('',(78.82,63.,-26.925));
#1977=CARTESIAN_POINT('Origin',(80.42,63.,-26.925));
#1978=CARTESIAN_POINT('',(78.82,62.,-26.925));
#1979=CARTESIAN_POINT('',(78.82,70.,-26.925));
#1980=CARTESIAN_POINT('Origin',(80.42,62.,-26.925));
#1981=CARTESIAN_POINT('Origin',(35.42,70.,-26.925));
#1982=CARTESIAN_POINT('',(33.82,63.,-26.925));
#1983=CARTESIAN_POINT('Origin',(35.42,63.,-26.925));
#1984=CARTESIAN_POINT('',(33.82,62.,-26.925));
#1985=CARTESIAN_POINT('',(33.82,70.,-26.925));
#1986=CARTESIAN_POINT('Origin',(35.42,62.,-26.925));
#1987=CARTESIAN_POINT('Origin',(80.42,70.,-51.925));
#1988=CARTESIAN_POINT('',(78.82,63.,-51.925));
#1989=CARTESIAN_POINT('Origin',(80.42,63.,-51.925));
#1990=CARTESIAN_POINT('',(78.82,62.,-51.925));
#1991=CARTESIAN_POINT('',(78.82,70.,-51.925));
#1992=CARTESIAN_POINT('Origin',(80.42,62.,-51.925));
#1993=CARTESIAN_POINT('Origin',(35.42,70.,-51.925));
#1994=CARTESIAN_POINT('',(33.82,63.,-51.925));
#1995=CARTESIAN_POINT('Origin',(35.42,63.,-51.925));
#1996=CARTESIAN_POINT('',(33.82,62.,-51.925));
#1997=CARTESIAN_POINT('',(33.82,70.,-51.925));
#1998=CARTESIAN_POINT('Origin',(35.42,62.,-51.925));
#1999=CARTESIAN_POINT('Origin',(35.42,70.,-51.925));
#2000=CARTESIAN_POINT('',(32.67,67.,-51.925));
#2001=CARTESIAN_POINT('Origin',(35.42,67.,-51.925));
#2002=CARTESIAN_POINT('',(32.67,63.,-51.925));
#2003=CARTESIAN_POINT('',(32.67,70.,-51.925));
#2004=CARTESIAN_POINT('Origin',(35.42,63.,-51.925));
#2005=CARTESIAN_POINT('Origin',(35.42,63.,-51.925));
#2006=CARTESIAN_POINT('Origin',(80.42,70.,-51.925));
#2007=CARTESIAN_POINT('',(77.67,67.,-51.925));
#2008=CARTESIAN_POINT('Origin',(80.42,67.,-51.925));
#2009=CARTESIAN_POINT('',(77.67,63.,-51.925));
#2010=CARTESIAN_POINT('',(77.67,70.,-51.925));
#2011=CARTESIAN_POINT('Origin',(80.42,63.,-51.925));
#2012=CARTESIAN_POINT('Origin',(80.42,63.,-51.925));
#2013=CARTESIAN_POINT('Origin',(35.42,70.,-26.925));
#2014=CARTESIAN_POINT('',(32.67,67.,-26.925));
#2015=CARTESIAN_POINT('Origin',(35.42,67.,-26.925));
#2016=CARTESIAN_POINT('',(32.67,63.,-26.925));
#2017=CARTESIAN_POINT('',(32.67,70.,-26.925));
#2018=CARTESIAN_POINT('Origin',(35.42,63.,-26.925));
#2019=CARTESIAN_POINT('Origin',(35.42,63.,-26.925));
#2020=CARTESIAN_POINT('Origin',(80.42,70.,-26.925));
#2021=CARTESIAN_POINT('',(77.67,67.,-26.925));
#2022=CARTESIAN_POINT('Origin',(80.42,67.,-26.925));
#2023=CARTESIAN_POINT('',(77.67,63.,-26.925));
#2024=CARTESIAN_POINT('',(77.67,70.,-26.925));
#2025=CARTESIAN_POINT('Origin',(80.42,63.,-26.925));
#2026=CARTESIAN_POINT('Origin',(80.42,63.,-26.925));
#2027=CARTESIAN_POINT('Origin',(40.42,70.,-26.925));
#2028=CARTESIAN_POINT('',(40.42,62.,-51.925));
#2029=CARTESIAN_POINT('',(40.42,62.,-26.925));
#2030=CARTESIAN_POINT('',(40.42,62.,-13.4625));
#2031=CARTESIAN_POINT('',(40.42,67.,-51.925));
#2032=CARTESIAN_POINT('',(40.42,70.,-51.925));
#2033=CARTESIAN_POINT('',(40.42,67.,-26.925));
#2034=CARTESIAN_POINT('',(40.42,67.,-13.4625));
#2035=CARTESIAN_POINT('',(40.42,70.,-26.925));
#2036=CARTESIAN_POINT('Origin',(75.42,70.,-26.925));
#2037=CARTESIAN_POINT('',(75.42,62.,-26.925));
#2038=CARTESIAN_POINT('',(42.71,62.,-26.925));
#2039=CARTESIAN_POINT('',(75.42,67.,-26.925));
#2040=CARTESIAN_POINT('',(90.63,67.,-26.925));
#2041=CARTESIAN_POINT('',(75.42,70.,-26.925));
#2042=CARTESIAN_POINT('Origin',(75.42,70.,-51.925));
#2043=CARTESIAN_POINT('',(75.42,62.,-51.925));
#2044=CARTESIAN_POINT('',(75.42,62.,-25.9625));
#2045=CARTESIAN_POINT('',(75.42,67.,-51.925));
#2046=CARTESIAN_POINT('',(75.42,67.,-25.9625));
#2047=CARTESIAN_POINT('',(75.42,70.,-51.925));
#2048=CARTESIAN_POINT('Origin',(40.42,70.,-51.925));
#2049=CARTESIAN_POINT('',(25.21,62.,-51.925));
#2050=CARTESIAN_POINT('',(73.13,67.,-51.925));
#2051=CARTESIAN_POINT('Origin',(57.92,58.5,0.));
#2052=CARTESIAN_POINT('',(110.84,0.,0.));
#2053=CARTESIAN_POINT('',(0.,0.,0.));
#2054=CARTESIAN_POINT('',(115.84,5.,0.));
#2055=CARTESIAN_POINT('Origin',(110.84,5.,0.));
#2056=CARTESIAN_POINT('',(115.84,112.,0.));
#2057=CARTESIAN_POINT('',(115.84,0.,0.));
#2058=CARTESIAN_POINT('Origin',(110.84,112.,0.));
#2059=CARTESIAN_POINT('',(105.84,112.,0.));
#2060=CARTESIAN_POINT('',(105.84,67.,0.));
#2061=CARTESIAN_POINT('',(105.84,85.25,0.));
#2062=CARTESIAN_POINT('',(10.,67.,0.));
#2063=CARTESIAN_POINT('',(81.88,67.,0.));
#2064=CARTESIAN_POINT('',(10.,112.,0.));
#2065=CARTESIAN_POINT('',(10.,62.75,0.));
#2066=CARTESIAN_POINT('',(33.96,112.,0.));
#2067=CARTESIAN_POINT('',(10.,7.00000000000001,0.));
#2068=CARTESIAN_POINT('',(10.,62.,0.));
#2069=CARTESIAN_POINT('',(10.,32.75,0.));
#2070=CARTESIAN_POINT('',(105.84,62.,0.));
#2071=CARTESIAN_POINT('',(33.96,62.,0.));
#2072=CARTESIAN_POINT('',(105.84,7.00000000000001,0.));
#2073=CARTESIAN_POINT('',(105.84,60.25,0.));
#2074=CARTESIAN_POINT('',(81.88,7.00000000000001,0.));
#2075=CARTESIAN_POINT('',(108.09,5.,0.));
#2076=CARTESIAN_POINT('Origin',(110.84,5.,0.));
#2077=CARTESIAN_POINT('',(2.25,112.,0.));
#2078=CARTESIAN_POINT('Origin',(5.,112.,0.));
#2079=CARTESIAN_POINT('',(108.09,112.,0.));
#2080=CARTESIAN_POINT('Origin',(110.84,112.,0.));
#2081=CARTESIAN_POINT('',(2.25,5.,0.));
#2082=CARTESIAN_POINT('Origin',(5.,5.,0.));
#2083=CARTESIAN_POINT('Origin',(115.84,0.,0.));
#2084=CARTESIAN_POINT('',(110.84,0.,0.));
#2085=CARTESIAN_POINT('Origin',(110.84,5.,0.));
#2086=CARTESIAN_POINT('',(115.84,5.,0.));
#2087=CARTESIAN_POINT('Origin',(110.84,112.,0.));
#2088=CARTESIAN_POINT('',(115.84,112.,0.));
#2089=CARTESIAN_POINT('Origin',(125.84,15.,-28.925));
#2090=CARTESIAN_POINT('',(105.84,35.,-28.925));
#2091=CARTESIAN_POINT('',(105.84,15.,-28.925));
#2092=CARTESIAN_POINT('',(105.84,38.5,-28.925));
#2093=CARTESIAN_POINT('',(115.84,35.,-28.925));
#2094=CARTESIAN_POINT('',(125.84,35.,-28.925));
#2095=CARTESIAN_POINT('',(115.84,15.,-28.925));
#2096=CARTESIAN_POINT('',(115.84,66.,-28.925));
#2097=CARTESIAN_POINT('',(125.84,15.,-28.925));
#2098=CARTESIAN_POINT('Origin',(125.84,15.,-28.925));
#2099=CARTESIAN_POINT('',(10.,15.,-28.925));
#2100=CARTESIAN_POINT('',(10.,35.,-28.925));
#2101=CARTESIAN_POINT('',(10.,11.,-28.925));
#2102=CARTESIAN_POINT('',(125.84,15.,-28.925));
#2103=CARTESIAN_POINT('',(125.84,35.,-28.925));
#2104=CARTESIAN_POINT('Origin',(125.84,35.,-28.925));
#2105=CARTESIAN_POINT('',(105.84,35.,-44.925));
#2106=CARTESIAN_POINT('',(105.84,35.,-14.4625));
#2107=CARTESIAN_POINT('',(115.84,35.,-44.925));
#2108=CARTESIAN_POINT('',(125.84,35.,-44.925));
#2109=CARTESIAN_POINT('',(115.84,35.,-14.4625));
#2110=CARTESIAN_POINT('Origin',(125.84,35.,-28.925));
#2111=CARTESIAN_POINT('',(10.,35.,-44.925));
#2112=CARTESIAN_POINT('',(10.,35.,-14.4625));
#2113=CARTESIAN_POINT('',(125.84,35.,-44.925));
#2114=CARTESIAN_POINT('Origin',(125.84,15.,-44.925));
#2115=CARTESIAN_POINT('',(105.84,15.,-44.925));
#2116=CARTESIAN_POINT('',(105.84,15.,-22.4625));
#2117=CARTESIAN_POINT('',(115.84,15.,-44.925));
#2118=CARTESIAN_POINT('',(115.84,15.,-22.4625));
#2119=CARTESIAN_POINT('',(125.84,15.,-44.925));
#2120=CARTESIAN_POINT('Origin',(125.84,35.,-44.925));
#2121=CARTESIAN_POINT('',(105.84,48.5,-44.925));
#2122=CARTESIAN_POINT('',(115.84,76.,-44.925));
#2123=CARTESIAN_POINT('Origin',(125.84,35.,-44.925));
#2124=CARTESIAN_POINT('',(10.,15.,-44.925));
#2125=CARTESIAN_POINT('',(10.,21.,-44.925));
#2126=CARTESIAN_POINT('',(125.84,15.,-44.925));
#2127=CARTESIAN_POINT('Origin',(125.84,15.,-44.925));
#2128=CARTESIAN_POINT('',(10.,15.,-22.4625));
#2129=CARTESIAN_POINT('Origin',(20.,30.,-25.425));
#2130=CARTESIAN_POINT('',(20.,62.,-25.425));
#2131=CARTESIAN_POINT('',(20.,62.,-48.425));
#2132=CARTESIAN_POINT('',(20.,62.,-12.7125));
#2133=CARTESIAN_POINT('',(20.,67.,-25.425));
#2134=CARTESIAN_POINT('',(20.,30.,-25.425));
#2135=CARTESIAN_POINT('',(20.,67.,-48.425));
#2136=CARTESIAN_POINT('',(20.,67.,-12.7125));
#2137=CARTESIAN_POINT('',(20.,30.,-48.425));
#2138=CARTESIAN_POINT('Origin',(20.,30.,-48.425));
#2139=CARTESIAN_POINT('',(10.,62.,-48.425));
#2140=CARTESIAN_POINT('',(15.,62.,-48.425));
#2141=CARTESIAN_POINT('',(10.,67.,-48.425));
#2142=CARTESIAN_POINT('',(62.92,67.,-48.425));
#2143=CARTESIAN_POINT('',(10.,30.,-48.425));
#2144=CARTESIAN_POINT('Origin',(10.,30.,-25.425));
#2145=CARTESIAN_POINT('',(10.,62.,-25.425));
#2146=CARTESIAN_POINT('',(10.,62.,-25.425));
#2147=CARTESIAN_POINT('',(10.,67.,-25.425));
#2148=CARTESIAN_POINT('',(10.,30.,-25.425));
#2149=CARTESIAN_POINT('',(57.92,67.,-25.425));
#2150=CARTESIAN_POINT('Origin',(90.84,30.,-48.425));
#2151=CARTESIAN_POINT('',(90.84,62.,-48.425));
#2152=CARTESIAN_POINT('',(90.84,62.,-25.425));
#2153=CARTESIAN_POINT('',(90.84,62.,-24.2125));
#2154=CARTESIAN_POINT('',(90.84,67.,-48.425));
#2155=CARTESIAN_POINT('',(90.84,30.,-48.425));
#2156=CARTESIAN_POINT('',(90.84,67.,-25.425));
#2157=CARTESIAN_POINT('',(90.84,67.,-24.2125));
#2158=CARTESIAN_POINT('',(90.84,30.,-25.425));
#2159=CARTESIAN_POINT('Origin',(90.84,30.,-25.425));
#2160=CARTESIAN_POINT('',(105.84,62.,-25.425));
#2161=CARTESIAN_POINT('',(50.42,62.,-25.425));
#2162=CARTESIAN_POINT('',(105.84,67.,-25.425));
#2163=CARTESIAN_POINT('',(98.34,67.,-25.425));
#2164=CARTESIAN_POINT('',(105.84,30.,-25.425));
#2165=CARTESIAN_POINT('Origin',(105.84,30.,-48.425));
#2166=CARTESIAN_POINT('',(105.84,62.,-48.425));
#2167=CARTESIAN_POINT('',(57.92,62.,-48.425));
#2168=CARTESIAN_POINT('',(105.84,67.,-48.425));
#2169=CARTESIAN_POINT('',(105.84,30.,-48.425));
#2170=CARTESIAN_POINT('',(105.84,67.,-48.425));
#2171=CARTESIAN_POINT('Origin',(10.,62.,0.));
#2172=CARTESIAN_POINT('',(10.,62.,-73.85));
#2173=CARTESIAN_POINT('',(10.,62.,0.));
#2174=CARTESIAN_POINT('',(105.84,62.,-73.85));
#2175=CARTESIAN_POINT('',(105.84,62.,-73.85));
#2176=CARTESIAN_POINT('',(105.84,62.,0.));
#2177=CARTESIAN_POINT('',(105.84,62.,0.));
#2178=CARTESIAN_POINT('',(10.,62.,0.));
#2179=CARTESIAN_POINT('Origin',(105.84,67.,0.));
#2180=CARTESIAN_POINT('',(10.,67.,0.));
#2181=CARTESIAN_POINT('',(105.84,67.,0.));
#2182=CARTESIAN_POINT('',(105.84,67.,-73.85));
#2183=CARTESIAN_POINT('',(105.84,67.,0.));
#2184=CARTESIAN_POINT('',(10.,67.,-73.85));
#2185=CARTESIAN_POINT('',(10.,67.,-73.85));
#2186=CARTESIAN_POINT('',(10.,67.,0.));
#2187=CARTESIAN_POINT('Origin',(110.84,112.,0.));
#2188=CARTESIAN_POINT('',(109.24,112.,-5.));
#2189=CARTESIAN_POINT('Origin',(110.84,112.,-5.));
#2190=CARTESIAN_POINT('',(109.24,112.,-25.));
#2191=CARTESIAN_POINT('',(109.24,112.,0.));
#2192=CARTESIAN_POINT('Origin',(110.84,112.,-25.));
#2193=CARTESIAN_POINT('Origin',(110.84,112.,-25.));
#2194=CARTESIAN_POINT('Origin',(5.,112.,0.));
#2195=CARTESIAN_POINT('',(3.4,112.,-5.));
#2196=CARTESIAN_POINT('Origin',(5.,112.,-5.));
#2197=CARTESIAN_POINT('',(3.4,112.,-25.));
#2198=CARTESIAN_POINT('',(3.4,112.,0.));
#2199=CARTESIAN_POINT('Origin',(5.,112.,-25.));
#2200=CARTESIAN_POINT('Origin',(5.,112.,-25.));
#2201=CARTESIAN_POINT('Origin',(110.84,5.,0.));
#2202=CARTESIAN_POINT('',(109.24,5.,-5.));
#2203=CARTESIAN_POINT('Origin',(110.84,5.,-5.));
#2204=CARTESIAN_POINT('',(109.24,5.,-25.));
#2205=CARTESIAN_POINT('',(109.24,5.,0.));
#2206=CARTESIAN_POINT('Origin',(110.84,5.,-25.));
#2207=CARTESIAN_POINT('Origin',(110.84,5.,-25.));
#2208=CARTESIAN_POINT('Origin',(5.,5.,0.));
#2209=CARTESIAN_POINT('',(3.4,5.,-5.));
#2210=CARTESIAN_POINT('Origin',(5.,5.,-5.));
#2211=CARTESIAN_POINT('',(3.4,5.,-25.));
#2212=CARTESIAN_POINT('',(3.4,5.,0.));
#2213=CARTESIAN_POINT('Origin',(5.,5.,-25.));
#2214=CARTESIAN_POINT('Origin',(5.,5.,-25.));
#2215=CARTESIAN_POINT('Origin',(5.,5.,0.));
#2216=CARTESIAN_POINT('',(2.25,5.,-5.));
#2217=CARTESIAN_POINT('',(2.25,5.,0.));
#2218=CARTESIAN_POINT('Origin',(5.,5.,-5.));
#2219=CARTESIAN_POINT('Origin',(5.,5.,-5.));
#2220=CARTESIAN_POINT('Origin',(110.84,112.,0.));
#2221=CARTESIAN_POINT('',(108.09,112.,-5.));
#2222=CARTESIAN_POINT('',(108.09,112.,0.));
#2223=CARTESIAN_POINT('Origin',(110.84,112.,-5.));
#2224=CARTESIAN_POINT('Origin',(110.84,112.,-5.));
#2225=CARTESIAN_POINT('Origin',(5.,112.,0.));
#2226=CARTESIAN_POINT('',(2.25,112.,-5.));
#2227=CARTESIAN_POINT('',(2.25,112.,0.));
#2228=CARTESIAN_POINT('Origin',(5.,112.,-5.));
#2229=CARTESIAN_POINT('Origin',(5.,112.,-5.));
#2230=CARTESIAN_POINT('Origin',(110.84,5.,0.));
#2231=CARTESIAN_POINT('',(108.09,5.,-5.));
#2232=CARTESIAN_POINT('',(108.09,5.,0.));
#2233=CARTESIAN_POINT('Origin',(110.84,5.,-5.));
#2234=CARTESIAN_POINT('Origin',(110.84,5.,-5.));
#2235=CARTESIAN_POINT('Origin',(10.,7.00000000000001,0.));
#2236=CARTESIAN_POINT('',(10.,7.00000000000001,-73.85));
#2237=CARTESIAN_POINT('',(10.,7.00000000000001,0.));
#2238=CARTESIAN_POINT('',(10.,112.,-73.85));
#2239=CARTESIAN_POINT('',(10.,112.,-73.85));
#2240=CARTESIAN_POINT('',(10.,112.,-73.85));
#2241=CARTESIAN_POINT('',(10.,112.,0.));
#2242=CARTESIAN_POINT('Origin',(105.84,7.00000000000001,0.));
#2243=CARTESIAN_POINT('',(105.84,7.00000000000001,-73.85));
#2244=CARTESIAN_POINT('',(105.84,7.00000000000001,0.));
#2245=CARTESIAN_POINT('',(10.,7.00000000000001,-73.85));
#2246=CARTESIAN_POINT('Origin',(105.84,62.,0.));
#2247=CARTESIAN_POINT('',(105.84,7.00000000000001,-73.85));
#2248=CARTESIAN_POINT('',(105.84,112.,-73.85));
#2249=CARTESIAN_POINT('',(105.84,112.,0.));
#2250=CARTESIAN_POINT('',(105.84,7.00000000000001,-73.85));
#2251=CARTESIAN_POINT('Origin',(57.92,34.5,-73.85));
#2252=CARTESIAN_POINT('Origin',(10.,112.,0.));
#2253=CARTESIAN_POINT('',(105.84,112.,-73.85));
#2254=CARTESIAN_POINT('Origin',(57.92,89.5,-73.85));
#2255=CARTESIAN_POINT('Origin',(115.84,117.,0.));
#2256=UNCERTAINTY_MEASURE_WITH_UNIT(LENGTH_MEASURE(0.01),#2260,
'DISTANCE_ACCURACY_VALUE',
'Maximum model space distance between geometric entities at asserted c
onnectivities');
#2257=UNCERTAINTY_MEASURE_WITH_UNIT(LENGTH_MEASURE(0.01),#2260,
'DISTANCE_ACCURACY_VALUE',
'Maximum model space distance between geometric entities at asserted c
onnectivities');
#2258=(
GEOMETRIC_REPRESENTATION_CONTEXT(3)
GLOBAL_UNCERTAINTY_ASSIGNED_CONTEXT((#2256))
GLOBAL_UNIT_ASSIGNED_CONTEXT((#2260,#2262,#2263))
REPRESENTATION_CONTEXT('','3D')
);
#2259=(
GEOMETRIC_REPRESENTATION_CONTEXT(3)
GLOBAL_UNCERTAINTY_ASSIGNED_CONTEXT((#2257))
GLOBAL_UNIT_ASSIGNED_CONTEXT((#2260,#2262,#2263))
REPRESENTATION_CONTEXT('','3D')
);
#2260=(
LENGTH_UNIT()
NAMED_UNIT(*)
SI_UNIT(.MILLI.,.METRE.)
);
#2261=(
LENGTH_UNIT()
NAMED_UNIT(*)
SI_UNIT($,.METRE.)
);
#2262=(
NAMED_UNIT(*)
PLANE_ANGLE_UNIT()
SI_UNIT($,.RADIAN.)
);
#2263=(
NAMED_UNIT(*)
SI_UNIT($,.STERADIAN.)
SOLID_ANGLE_UNIT()
);
#2264=SHAPE_DEFINITION_REPRESENTATION(#2265,#2266);
#2265=PRODUCT_DEFINITION_SHAPE('',$,#2268);
#2266=SHAPE_REPRESENTATION('',(#1272),#2258);
#2267=PRODUCT_DEFINITION_CONTEXT('part definition',#2272,'design');
#2268=PRODUCT_DEFINITION('2026-09-18-23-04-01-275','Body#2',#2269,#2267);
#2269=PRODUCT_DEFINITION_FORMATION('',$,#2274);
#2270=PRODUCT_RELATED_PRODUCT_CATEGORY('Body#2','Body#2',(#2274));
#2271=APPLICATION_PROTOCOL_DEFINITION('international standard',
'automotive_design',2009,#2272);
#2272=APPLICATION_CONTEXT(
'Core Data for Automotive Mechanical Design Process');
#2273=PRODUCT_CONTEXT('part definition',#2272,'mechanical');
#2274=PRODUCT('2026-09-18-23-04-01-275','Body#2',$,(#2273));
#2275=PRESENTATION_STYLE_ASSIGNMENT((#2277));
#2276=PRESENTATION_STYLE_ASSIGNMENT((#2278));
#2277=SURFACE_STYLE_USAGE(.BOTH.,#2279);
#2278=SURFACE_STYLE_USAGE(.BOTH.,#2280);
#2279=SURFACE_SIDE_STYLE('',(#2281));
#2280=SURFACE_SIDE_STYLE('',(#2282));
#2281=SURFACE_STYLE_FILL_AREA(#2283);
#2282=SURFACE_STYLE_FILL_AREA(#2284);
#2283=FILL_AREA_STYLE('Steel - Satin',(#2285));
#2284=FILL_AREA_STYLE('Powder Coat (White)',(#2286));
#2285=FILL_AREA_STYLE_COLOUR('Steel - Satin',#2287);
#2286=FILL_AREA_STYLE_COLOUR('Powder Coat (White)',#2288);
#2287=COLOUR_RGB('Steel - Satin',0.627450980392157,0.627450980392157,0.627450980392157);
#2288=COLOUR_RGB('Powder Coat (White)',0.964705882352941,0.964705882352941,
0.952941176470588);
ENDSEC;
END-ISO-10303-21;
